name,category,chains,total_24h,total_7d,total_30d,change_1d_pct,change_7d_pct
Uniswap V4,Dexs,Ethereum;OP Mainnet;Base;Arbitrum;Polygon;Blast;Zora;World Chain;Ink;Soneium;Avalanche;BSC;Unichain;Monad;X Layer;Celo;Tempo;MegaETH;Robinhood Chain,691309890,4672805528,24275829243,5.88,-20.8
PumpSwap,Dexs,Solana,651360206,3899996978,15572769904,2.82,-7.13
PancakeSwap AMM V3,Dexs,BSC;Ethereum;Polygon zkEVM;ZKsync Era;Arbitrum;Linea;Base;opBNB;Solana;Monad,497629286,3342515437,16873017295,-5.47,-20.32
Kalshi,Prediction Market,Off Chain,494077119,2811502939,9957249130,11.4,1.22
Aerodrome Slipstream,Dexs,Base,439969930,3099207581,15291372157,-13.36,-18.57
Uniswap V3,Dexs,Ethereum;Arbitrum;OP Mainnet;Polygon;Celo;ZKsync Era;Sei;Taiko;Scroll;Rootstock;Filecoin;Boba;Moonbeam;Manta;Mantle;Linea;BSC;Avalanche;Base;Polygon zkEVM;Blast;Gnosis;BOB;Lisk;Corn;Unichain;Hemi;Saga;LightLink;GOAT;XDC;Lens;Telos;World Chain;Nibiru;Plasma;Monad;Etherlink;Sonic;X Layer;Zora;MegaETH;Tempo,378338481,3259453792,16669847294,-36.06,-46.52
BisonFi,Dexs,Solana,256016583,1970948996,8658108157,-4.8,-35.21
Orca DEX,Dexs,Solana;Eclipse,251867518,1793796938,7668599436,-13.67,-5.22
Tessera V,Dexs,Solana;Base;BSC,160148203,986274853,2873205120,77.83,15.96
Fluid DEX,Dexs,Ethereum;Arbitrum;Polygon;Base;Plasma,156426339,849558850,4574854146,-6.45,-10.84
Polymarket International,Prediction Market,Polygon,144763082,1124935500,4381065360,-27.16,-15.4
Meteora DLMM,Dexs,Solana,136580712,1040417598,4466962325,-23.5,-16.74
PancakeSwap Infinity,Dexs,BSC;Base,130996379,976065889,4693041298,-29.43,-8.72
Manifest Trade,Dexs,Solana,130124551,1258871934,5922710784,-19.96,-50.82
Raydium AMM,Dexs,Solana,115635926,832256212,4234402578,-6.47,-7.63
Hyperliquid Spot Orderbook,Dexs,Hyperliquid L1,111895277,827398298,5243056941,-22.32,-31.86
GoonFi,Dexs,Solana,101069594,706259359,3307706432,-7.61,-10.09
Flashnet,Dexs,Spark,91407018,696247213,2702730320,-18.29,-25.45
Project X,Dexs,Hyperliquid L1,90124793,742897911,4213030780,-26.59,-41.09
Figure Markets Exchange,OTC Marketplace,Provenance,85811658,1662378519,4234949467,-68.96,121.55
Curve DEX,Dexs,Ethereum;OP Mainnet;Gnosis;Avalanche;Polygon;Arbitrum;Fantom;Fraxtal;Celo;Base;Sonic;Hyperliquid L1;Plasma;Mantle;Ink;Unichain;Monad;Stable,80130157,505374293,3438876731,-24.38,-28.89
SolFi V2,Dexs,Solana,74391829,578351089,2237824686,-5.51,-33.95
Metric,Dexs,Ethereum;Arbitrum;BSC;Polygon;Avalanche;Base;MegaETH;Hyperliquid L1;Monad,69236847,428926236,2326801869,-1.15,-26.94
pump.fun,Launchpad,Solana,64394324,365990813,1306419710,8.7,53.41
Jupiterz,Dexs,Solana,58412448,424602900,1257477478,25.11,46.03
Axiom,Trading App,BSC;Solana,50715500,320571258,1002762248,4.53,76.21
Scorch,Dexs,Solana,50463461,372404259,2862225300,-18.27,-24.52
SUNSwap V3,Dexs,Tron,47114150,250874885,1320066210,15,-14.27
Unit,Bridge,Hyperliquid L1,45121181,319729429,457681057,-13.18,-19.52
AlphaQ,Dexs,Solana,43042236,323217780,1839592486,-1.76,-19.23
HumidiFi,Dexs,Solana,39077868,262878127,1450499618,1.83,-1.9
Ekubo,Dexs,Starknet;Ethereum,38511654,119547158,784880418,40.02,248.84
edgeX Spot,Dexs,edgeX L1,35554812,187039948,1208489337,8.04,-4.15
nest CL,Dexs,Hyperliquid L1,33724305,194632441,936075573,6,4.32
Pharaoh DLMM,Dexs,Avalanche,30693212,147810795,360477727,-18.01,339.21
Ramses CL V2,Dexs,Hyperliquid L1;Polygon;Arbitrum,28474678,195394026,776221280,0.82,-12.56
Thorchain DEX,Dexs,Thorchain,25782878,101055755,145576568,81.84,132
Ondo Global Markets,RWA,Ethereum;BSC,24820226,157654674,817552336,-36.34,-4.74
PancakeSwap AMM,Dexs,BSC;Ethereum;Polygon zkEVM;ZKsync Era;Arbitrum;Linea;Base;opBNB;Aptos;Monad,23959887,208669782,1049860629,4.57,-15.05
Pharaoh V3,Dexs,Avalanche,22551933,98842009,558755599,22.23,17.99
Native Swap,Dexs,BSC;Ethereum;Polygon;Arbitrum;Avalanche;Mantle;Base;ZetaChain,19417488,165165064,1284879540,-6.43,-52.71
Velodrome V3,Dexs,OP Mainnet;Lisk;Fraxtal;Mode;Ink;Soneium;Unichain;Swellchain;Celo,19157810,97769677,464373582,13.78,25.5
Aster Spot,Dexs,Off Chain,18837327,231243029,593688482,-70.15,34.52
DODO AMM,Dexs,BSC;Ethereum;Aurora;Polygon;Arbitrum;Avalanche;OP Mainnet;Scroll;Linea;Base;Manta;Defi Oracle Meta,18285477,88696403,467678702,228.14,173.17
InsightX,Prediction Market,Off Chain,18271089,140367353,300284452,-6.57,-13.28
Meteora Dynamic Bonding Curve,Launchpad,Solana,18269228,69614254,173162331,19.18,387.64
Aquifer,Dexs,Solana,17421488,171004041,1148848243,-31.15,-63.74
Dexalot DEX,Dexs,Avalanche;Dexalot;Arbitrum;Base;BSC,15600977,197785210,646721754,8.48,-64.63
GMGN,Telegram Bot,Solana;Base;BSC;Monad;MegaETH;Hyperliquid L1,15315348,97302002,381981640,-11.74,57.46
Pendle,Yield,Ethereum;Arbitrum;Mantle;BSC;OP Mainnet;Plasma;Base;Monad,14507461,101320106,733614955,-58.07,-44.1
fomo Wallet,Trading App,Solana,14299595,100725451,280087590,8.19,86.61
Predict Fun,Prediction Market,Blast;BSC,14293489,87484288,287677838,-8.22,18.83
FermiSwap,Dexs,Ethereum,13563186,72666572,295071024,23.45,-40.29
Topaz CL,Dexs,BSC,13437704,130458901,595296544,-6.38,-48.4
OPINION,Prediction Market,BSC,12692502,100806128,399658255,-42.04,-9.07
Byreal,Dexs,Solana,12366453,108946806,578908012,-65.69,-17.6
Chainflip AMM,Dexs,Chainflip,11948159,67074416,321482778,7.29,12.46
Cetus CLMM,Dexs,Aptos;Sui,11505542,65171987,400657613,17.01,-6.68
DeepBook V3,Dexs,Sui,11127345,72964282,467611268,-7.15,-26.56
Ring Swap,Dexs,Ethereum;Blast;BSC;Hyperliquid L1,11029887,48755542,289903289,53.05,-1.74
Lighter Spot,Dexs,zkLighter,10231936,52809968,213684138,-43.61,162.24
Uniswap V2,Dexs,Ethereum;Arbitrum;Polygon;Base;OP Mainnet;BSC;Avalanche;Zora;Blast;Unichain;Monad;X Layer;Tempo,9587834,70525268,403791595,-20.86,-29.74
Lista DEX,Dexs,Ethereum;BSC,9563255,58932510,476803401,-8.64,35.22
Rhea Dex,Dexs,Near,9489123,60420063,538133751,4.18,-5.07
Blackhole CLMM,Dexs,Avalanche,9417839,72017792,382850657,-17.53,-20.65
Terminal,Telegram Bot,Base;Ethereum;BSC;Solana,8969769,57773007,190294494,0.64,58.7
WOOFi Swap,Dexs,BSC;Avalanche;Fantom;Polygon;Arbitrum;OP Mainnet;ZKsync Era;Polygon zkEVM;Linea;Base;Mantle;Sonic;Berachain;Solana;Hyperliquid L1;Monad,8816036,35077487,113860950,,-8.54
Joe V2.2,Dexs,Avalanche;Arbitrum;Monad,8666137,59441539,240139247,43.14,-22.24
Kuru CLOB,Dexs,Monad,8501678,52388919,400297468,-4.21,-11.82
ThalaSwap V3,Dexs,Aptos,7957803,166812574,650666585,-79.33,-67.73
Aerodrome V1,Dexs,Base,7780621,54570106,314755291,-23.46,-44.19
Saphyre V3,Dexs,Sei,7645778,56793808,259081559,-27.53,-54.08
Bluefin Spot,Dexs,Sui,7411897,58955215,341090512,-13.9,-37.35
Angstrom,Dexs,Ethereum,7120792,50764979,228701082,-10.74,-34.78
LiquidCore,Dexs,Hyperliquid L1,7091636,53483411,256107043,-17.29,-29.52
Balancer V3,Dexs,Ethereum;Gnosis;Arbitrum;OP Mainnet;Avalanche;Base;Hyperliquid L1;Plasma;Monad,6343156,30460393,298358439,88.78,-17.09
Limitless Exchange,Prediction Market,Base,6259557,23224270,152875340,-10.58,124.9
STON.fi,Dexs,TON,6257980,21665803,132246390,116.07,146.42
TanX.fi,Dexs,Ethereum,5911098,42141220,180282611,-3.98,-3.42
HyperSwap V3,Dexs,Hyperliquid L1,5863350,46226517,337157070,-34.22,-30.38
ElfomoFi,Dexs,Base;BSC,5804529,39269128,201771465,8.71,34.7
Kittenswap Algebra,Dexs,Hyperliquid L1,5743629,27584612,103219840,35.72,25.69
Hanji Protocol,Dexs,Etherlink;Base;Monad,5709104,35601291,144801926,-1.99,-33.51
Quickswap V3,Dexs,Polygon;Dogechain;Polygon zkEVM;Manta;Soneium;Immutable zkEVM;X Layer,5444656,40293412,190608222,-25.75,-15.63
Balancer V2,Dexs,Ethereum;Polygon;Arbitrum;Gnosis;Avalanche;Polygon zkEVM;Base;Mode;Fraxtal;OP Mainnet,5433544,19134925,44888994,-18.14,175.07
SushiSwap V3,Dexs,Moonriver;Arbitrum Nova;BSC;Avalanche;Polygon;Arbitrum;Fuse;Fantom;OP Mainnet;Ethereum;Gnosis;Polygon zkEVM;Boba;ThunderCore;Base;CORE;Blast;Bittorrent;Kava;Linea;Metis;Scroll;Filecoin;Rootstock;Hemi;Sonic;Katana;ZetaChain,5034140,28550387,215091135,48.8,-40.85
Turbos,Dexs,Sui,5006890,30197904,162470533,-1.07,14.91
Camelot V3,Dexs,Arbitrum;ApeChain;Gravity by Galxe;Rari;ReyaChain;Gnosis;Sanko,5000871,40820065,223828861,-20.89,-44.85
SolFi V1,Dexs,Solana,4981719,28786989,141220497,-3.09,-44.44
Taiko Swap,Dexs,Taiko,4688995,5971723,5971723,676.72,
four.meme,Launchpad,BSC,4603438,18325103,105663084,17,400.41
Trojan,Telegram Bot,Solana,4503341,30028691,103319205,-0.09,35.73
Hybra V4,Dexs,Hyperliquid L1,4342474,24835637,70821118,-18.2,38.35
Lightspeed,Dexs,Canton,4082349,24031817,38148245,10.93,29.45
SX Bet,Prediction Market,SX Rollup,4042552,46186699,151394814,-53.68,-50.91
XRPL DEX,Dexs,XRPL,3952882,30759021,194884315,16.06,-17.66
Hydration DEX,Dexs,Hydration,3903194,12168266,88132355,184.39,49.71
Collector Crypt,Physical TCG,Solana,3691342,36052350,177125210,-27.42,-68.04
Courtyard,Physical TCG,Polygon,3464928,23028415,117193629,-28.27,-3.08
EtherFi Cash Liquid,Crypto Card Issuer,Scroll;OP Mainnet,3087718,21604449,84001821,-24.91,28.72
Hashflow,DEX Aggregator,BSC;OP Mainnet;Ethereum;Avalanche;Polygon;Arbitrum;Solana,2989132,23831284,165095834,-45.4,131.29
RedotPay Card,Crypto Card Issuer,Arbitrum;OP Mainnet;Base;Polygon;Ethereum;Avalanche,2899216,17174173,64613750,-7.83,-28.69
Doma DEX V3,Dexs,Doma,2759576,21052643,67815963,-4.03,-5.68
Banana Gun,Telegram Bot,Base;Unichain;BSC;Sonic;Blast;Ethereum;Solana,2757353,18516658,52264626,-8.07,12.17
LaunchLab,Launchpad,Solana,2659873,11945142,19575093,4.67,1016.04
Pangolin V3,Dexs,Avalanche;Monad,2573271,7406373,56997991,36.06,459.4
SparkDEX V4,Dexs,Flare,2497019,19818505,85405805,-22.13,-15.93
Whalestreet,Dexs,Solana,2484317,16551205,187130411,5.15,3.07
Tokenlon AMM,Dexs,Ethereum,2477377,22462041,149616707,-28.91,-66.41
Lunarbase,Dexs,Base,2378120,16264927,42137215,31.8,-49.03
SaucerSwap V2,Dexs,Hedera,2368627,13667866,66145744,115.93,95.76
Aquarius Stellar,Dexs,Stellar,2361845,16696290,83510339,-54.67,42.44
TrueCurrent,Derivatives,Injective,2334900,10112697,22813835,-20.04,225.81
Gala Swap,Dexs,Gala,2308547,15660523,71451088,68.28,-0.34
Kodiak V3,Dexs,Berachain,2259039,12160687,60667767,65.17,46.06
Osmosis DEX,Dexs,Osmosis,2239532,11623226,82330322,0,-55.37
MetalX Dex,Dexs,XPR Network,2209278,13143755,57969733,24.76,7.97
Sablier Lockup,Payments,ZKsync Era;Hyperliquid L1;Gnosis;Avalanche;Blast;Sei;Polygon;Mode;Arbitrum;Sonic;Abstract;Ethereum;OP Mainnet;Berachain;Unichain;Scroll;Linea;Base;BSC,2174471,5215062,673850590,73.98,-99.67
Lotus Finance,Dexs,Sui,2035261,11194422,86768439,68.85,20.91
SoDEX Spot,Dexs,ValueChain,1882480,10703806,77607540,41.67,49.84
PayCash,Dexs,Vaulta;MultiversX,1863546,43008086,209221417,-74.97,-82.09
Kipseli,Dexs,Ethereum,1794946,9435025,29366281,0.57,27.68
Bitflow,Dexs,Stacks,1731613,4023926,33520086,477.73,399.36
Photon,Trading App,Solana,1726552,11113378,35765536,5.13,63.32
SparkDEX V3.1,Dexs,Flare,1717421,11634194,60532708,-14.44,-21.88
Yield Basis,Leveraged Farming,Ethereum,1681205,8046472,48480009,-29.85,-30.36
Meteora DAMM V1,Dexs,Solana,1635882,10211309,46364656,13.65,4.88
Quickswap V4,Dexs,Soneium;Base;Somnia,1628027,9831119,51612400,-1.13,-2.63
Volmex,Yield,Ethereum;Polygon;Arbitrum,1600905,4356598,4359551,566.24,
THENA INTEGRAL,Dexs,BSC,1593670,10599947,74806497,7.36,-7.2
Archer Exchange,Dexs,Solana,1556943,11821364,114770737,-11.28,-32.83
Legion,Launchpad,Ethereum,1499867,2084032,2084032,43.67,
SUNSwap V2,Dexs,Tron,1483695,10561963,70985788,2.95,-34.99
TeleSwap,Bridge,Polygon;BSC;BOB;BSquared,1483440,11212447,47719975,-13.92,-25.72
Clober V2,Dexs,Base;ZKsync Era;Monad,1417546,3124815,16417290,602.28,1395.35
PulseX V1,Dexs,PulseChain,1401402,8517264,48389311,8.36,33.45
Streamflow,Payments,Solana,1371574,6628405,13862176,-40.29,-34.88
Nexo Card,Crypto Card Issuer,Base;Avalanche;OP Mainnet;Arbitrum;Ethereum;Polygon,1364516,29914586,328976874,-73.16,-79.16
Shadow Exchange CLMM,Dexs,Sonic,1360118,6901509,24207227,172.6,120.84
b402,Payments,Base,1310626,9023168,38163007,-15.75,-16.62
PumpSpace V3,Dexs,Avalanche,1241832,10887761,62216706,-15.52,-49.68
0x,DEX Aggregator,Ethereum;Polygon;BSC;OP Mainnet;Fantom;Celo;Avalanche;Arbitrum;Base;Hyperliquid L1,1225780,56579802,187720204,-88.71,-87
dreamDEX,Dexs,Somnia,1189629,2770087,10191600,53.56,781.77
Deriverse,Dexs,Solana,1186356,7383082,24287642,14.36,-9.32
Enosys AMM V3,Dexs,Flare;Songbird,1118352,7596736,57478270,-5.16,-15.78
Outcome.xyz,Interface,Hyperliquid L1,1095876,7320489,7320489,0,
PulseX V2,Dexs,PulseChain,1091970,6479912,42511705,12.32,56.52
Integral,Dexs,Ethereum;Arbitrum,1071295,7395326,31271400,-26.88,13.25
W-DEX,Dexs,Polygon,1031693,9355711,51659144,-7.29,9.85
Supernova CL,Dexs,Ethereum,1011060,9821488,47702413,-22.76,-39.92
Agni Finance,Dexs,Mantle,978758,4667907,24827971,1.54,-32.22
Mento V2,Algo-Stables,Celo,967369,11520658,29318824,-73.02,-7.63
moonshot.money,Trading App,Solana,952061,5031791,20913971,87.96,112.61
SushiSwap,Dexs,Ethereum;Fantom;BSC;Harmony;Polygon;Gnosis;Arbitrum;Avalanche;Moonriver;Celo;Fuse;Boba;Blast;CORE;Katana;Metis;Linea;Sonic;OP Mainnet;Base,858803,9152521,28826366,-54.19,-45.96
DeDust,Dexs,TON,857518,3920445,23570877,25.23,39.08
Solidly V3,Dexs,Ethereum;OP Mainnet;Arbitrum;Fantom;Base;Sonic,851315,3000515,16466027,95.84,19.9
THORSwap,DEX Aggregator,Thorchain;Chainflip;Mayachain;Near,800897,5811484,39729946,-31.47,-33.01
EGAS swap,Dexs,ENI,780387,4498358,46693038,27.62,-17.6
Bloom Trading Bot,Gaming,Base;Solana;BSC,772959,5166952,17832415,-2.72,21.51
FluxFlow V3,Dexs,Fluent,743891,1813779,11787234,87.19,23.99
Momentum,Dexs,Sui,710278,11042098,65408989,-58.41,-47.44
SundaeSwap V2,Dexs,Cardano,708735,3068803,36552485,-2.73,54.43
FluxBeam,Dexs,Solana,704677,4800089,32426396,1.5,17.63
BONKbot,Telegram Bot,Solana,702103,5871134,16796228,-11.71,37.02
Katana DEX,Dexs,Ronin,677588,1930936,11212436,94.12,62.89
Maverick V1,Dexs,Ethereum;ZKsync Era;BSC;Base,677340,5027367,25773407,-29.77,-54.37
Ave.ai,Trading App,Base;Hyperliquid L1;Ethereum;BSC;Solana,618173,4139735,34805288,5.3,43.11
Alien Base V2,Dexs,Base,599368,1894385,14085701,141.8,62.26
Kolo Card,Crypto Card Issuer,Arbitrum;OP Mainnet;Ethereum;Base;Polygon,599328,2493812,10556831,166.36,134.97
Ryze Protocol,Dexs,Base,570578,3015646,10118072,-23.52,35.3
Beezie,Physical TCG,Flow;Base,530110,4572380,18031051,-25.78,98.6
TurboFlow Prediction Markets,Prediction Market,Solana;BSC,517993,3133668,13943928,-14.31,25.75
VVS Standard,Dexs,Cronos,499640,3231448,18906502,-6.11,-60.18
Frax Swap,Dexs,Moonriver;Harmony;Moonbeam;BSC;Boba;Ethereum;Aurora;Avalanche;Polygon;Arbitrum;Fantom;Fraxtal;OP Mainnet,496530,1592232,11365448,154.55,-79.43
BulbaSwap V3,Dexs,Morph,483957,2538903,11807289,24.73,-4.76
Joe V2.1,Dexs,Arbitrum;BSC;Avalanche;Ethereum;Monad,473487,3045547,11896853,-3.71,-40.87
Aborean CL,Dexs,Abstract,471281,2789682,14818468,-47.49,-16.5
Kumbaya,Dexs,MegaETH,462684,5583573,41828470,-42.03,-43.54
Quickswap Dex,Dexs,Polygon;Base,443049,106052894,454620254,22.19,-29.47
Full Sail,Dexs,Sui,435122,3064095,22811479,-6.95,-31.89
Overtime,Prediction Market,Base;OP Mainnet;Arbitrum;Polygon,425403,2397544,8408954,-0.77,33.43
MagicSea LB,Dexs,IOTA EVM,422524,1956759,7863873,-32.72,505.17
Jupiter Prediction,Interface,Solana,421058,4360580,14551493,-45.13,-49.42
9mm V3,Dexs,PulseChain;Base;Sonic,401291,2144409,13268622,35.9,46
Futarchy AMM,Dexs,Solana,384933,2756582,17511957,4.35,-12.88
Sanctum Infinity,Dexs,Solana,381830,1469525,4994116,292.1,9231.13
Plasma One,Crypto Card Issuer,Plasma,374833,2733966,9303624,0.34,-16.89
Minswap DEX,Dexs,Cardano,363295,2414092,26448010,-8.36,-36.78
Cypher V4,Dexs,Ethereum,353931,2912363,13313414,-8.12,-28.19
SyncSwap,Dexs,ZKsync Era;Linea;Scroll;Sophon,348589,2062146,10022234,-10.1,-8.41
DefiTuna AMM,Dexs,Solana,345739,4290376,13037467,0.41,-47.43
Fulcrom AMM,Dexs,Cronos;ZKsync Era;Cronos zkEVM,340753,2567073,17375125,-9.75,-79.14
Mento V3,Dexs,Celo;Monad,328912,1570395,7706392,-50.57,113.39
Merchant Moe Liquidity Book,Dexs,Mantle,324150,2969293,36821848,-56.16,-79.49
PancakeSwap Prediction,Prediction Market,BSC,292813,1963723,9633784,-6.88,-24.3
Monster,Physical TCG,MegaETH;Off Chain,282582,1764660,12672433,20.91,-64.25
FlowX V3,Dexs,Sui,282575,2215983,21722380,-25.55,-15.01
Gnosis Pay,Crypto Card Issuer,Gnosis,281973,1826385,1826478,-2.11,
Cetus DLMM,Dexs,Sui,280156,1256446,7151755,34.71,5.9
Rise.rich,Launchpad,Solana,277186,1655261,11875383,-6.64,-56.12
Injective Spot,Dexs,Injective,270101,2505200,12756817,-51.08,-22.35
Swapr V3,Dexs,Gnosis,268660,1688144,12455166,16.37,-68.82
Ferra DLMM,Dexs,Sui,267954,2231452,5380423,-34.24,133.89
O2 Exchange,Dexs,Fuel Ignition,266226,13760524,148369969,20.4,-97.55
Maverick V2,Dexs,BSC;Base;ZKsync Era;Ethereum;Arbitrum;Scroll,262467,2098041,12806825,11.2,-40.76
Haedal AMM Protocol,Dexs,Sui,259436,2690996,27071094,-33.46,-70.64
Spritz Card,Crypto Card Issuer,Avalanche;Polygon;Base;Arbitrum;OP Mainnet;Ethereum;BSC,253851,1237803,4298609,-5.16,206.78
PulseX StableSwap,Dexs,PulseChain,242800,1164172,7127019,58.74,55.91
PancakeSwap StableSwap,Dexs,BSC;Arbitrum;Ethereum,241380,2494625,12017550,-23.14,-42.58
THENA FUSION,Dexs,BSC,235138,1875608,8071656,-48.72,-0.93
Spectra V2,Yield,Base;Arbitrum;Ethereum;OP Mainnet;Sonic;Hemi;Avalanche;BSC;Hyperliquid L1;Katana;Flare;Monad,230783,846603,17143134,16.41,113.69
LN Exchange Spot,Dexs,Bitcoin,226117,1640204,9309848,0.11,-8.42
ZealousSwap,Dexs,Igra;Kasplex,222414,127514,576568,652.92,1143.02
Alpha Arcade,Prediction Market,Algorand,221321,1316630,3249981,42.32,3.52
Cypher Card,Crypto Card Issuer,OP Mainnet;Base;Avalanche;Ethereum;Polygon;Arbitrum,220041,1781824,7868429,-39.87,9.92
Valantis STEX,Dexs,Hyperliquid L1,218394,2066759,18936123,-32.47,105.37
Bancor V2.1,Dexs,Ethereum,217510,1344847,4872355,94.26,-61.3
Capricorn,Dexs,Monad,216182,1414963,7407249,-20.19,-1.56
Tinyman,Dexs,Algorand,215746,1583201,11743144,0.64,-59.37
SolTradingBot,Telegram Bot,Solana,214951,1288454,4920791,-6.69,37.05
Ultrasolid V3,Dexs,Hyperliquid L1,213962,1862743,9267290,-25.89,-43.87
Fluxion Network,Dexs,Mantle,213768,1127464,11152766,32.82,-17.15
Joe DEX,Dexs,Avalanche;BSC;Arbitrum,211382,2198332,11360630,-30.87,-61.64
THENA V1,Dexs,BSC,196118,319198,722378,160.28,761.53
ICPSwap,Dexs,ICP,193689,1916440,13991738,-42.03,-54.84
SwapX Algebra,Dexs,Sonic,189630,2213864,8639799,3.7,-53.92
TONCO,Dexs,TON,179738,468333,6692922,164.28,273.89
Metropolis DLMM,Dexs,Sonic,179732,1441392,6842462,149.65,-10.46
PRED,Prediction Market,Base,176873,801978,3308479,72.59,46.23
WingRiders,Dexs,Cardano,173549,850758,9874275,-3.22,4.62
Nado Spot,Dexs,Ink,172325,1522800,17377114,-50.39,-59.82
Phoenix Spot,Dexs,Solana,167412,695862,1709169,142.06,67.64
SUNSwap V1,Dexs,Tron,163172,885336,11120264,14.32,-56.5
Alphix,Dexs,Base;Arbitrum,162210,557679,4619261,-57.54,195333.73
Katana DEX V3,Dexs,Ronin,159662,736113,4622869,11.26,1.53
Camelot V2,Dexs,Arbitrum;Gravity by Galxe;Rari;ReyaChain;Gnosis;Sanko;ApeChain,159090,604717,2873977,24.46,69.8
Beets DEX,Dexs,Fantom;OP Mainnet;Sonic,157989,1115567,4306312,116.55,-18.08
Blur Bids,NFT Marketplace,Ethereum,156129,1007013,7979819,27.33,-5.85
Fluid DEX Lite,Dexs,Ethereum,151426,1645156,4212015,9.81,-40.72
SaucerSwap V1,Dexs,Hedera,149713,1119107,5290573,2.88,6.56
Hypertrade V3,Dexs,Hyperliquid L1,149509,968779,3098728,-2.61,49.14
Hybra V3,Dexs,Hyperliquid L1,146734,1207906,8670811,-27.92,-43.13
XSwap V3,Dexs,XDC,143940,183531,5261472,617.8,276.51
Dano Finance,Dexs,Cardano,143286,485469,9413477,34.45,147.9
Velodrome V1,Dexs,OP Mainnet;Mode;BOB,140185,231897,859293,931.68,121.6
SakuraSwap CLMM,Dexs,Abstract;Zero Network;Shape;Redstone;Ink,135814,1120042,2080807,-54.8,
DragonSwap V3 Kaia,Dexs,Kaia,135734,2143887,9035232,-16.2,-60.73
o1.exchange,Trading App,Solana;Base;BSC,134954,958348,11078069,-1.23,-48.99
MetaMask Card,Crypto Card Issuer,Linea;Solana;Base,133975,846746,3541863,13.77,18
Unchain X,Dexs,BSC,132212,663567,4193463,31.63,-18.85
RateX DEX,Yield,Solana,127005,805649,3210974,95.38,129.96
Balancer V1,Dexs,Ethereum,126866,763092,7412344,105.09,-28.33
Bleap Card,Crypto Card Issuer,Arbitrum,124647,870348,3406090,-15.83,-11.43
Allbridge Classic,Bridge,BSC;Ethereum;Heco;Stellar;Avalanche;Polygon;Solana;Celo;Fantom;Kaia;Aurora;Near;Terra Classic;Tezos;Harmony;Waves;Fuse;Stacks,120287,397110,1383883,,37256.21
Superfluid,Payments,Scroll;Ethereum;Avalanche;Celo;BSC;Gnosis;Arbitrum;OP Mainnet;Base;Polygon,118903,816087,3634996,2.67,0.43
stabble Stableswap,Dexs,Solana,118766,617484,3158851,58.16,77.53
Astroport,Dexs,Injective;Neutron;Terra2;Sei;Osmosis,118643,1403347,5686290,-68.22,-44.27
Honeypop DEX,Dexs,Scroll,117112,9727,75317,3994.83,94345.16
xExchange,Dexs,MultiversX,115353,960772,5807993,-13.38,-44.61
Ape Church,Luck Games,ApeChain,115347,656661,4319893,-7.27,-21.36
Prism DEX,Dexs,MegaETH,114347,2182575,8802162,-19.59,-36.16
Shadow Exchange Legacy,Dexs,Sonic,113571,758054,1226905,347.59,563.27
KrokoSwap V3,Dexs,Kasplex,113128,744104,3309784,-0.84,11.62
FanX Protocol,Dexs,Chiliz,112232,1017053,5585773,-8.4,-71.31
SectorOne DLMM,Dexs,Base;MegaETH;Ethereum,110730,1223391,6140175,11.81,-61.94
DipCoin Spot,Dexs,Sui,109631,700348,4716105,63.02,-7.87
Lynex V2,Dexs,Linea,108009,1011507,5488629,-52.06,-37
Etherex CL,Dexs,Linea,105888,866693,5414964,-46.2,-0.27
Kyo Finance,Dexs,Soneium,105288,746973,3895808,-22.21,14.18
Saber,Dexs,Solana,103532,684479,11087456,-42.72,-17.03
Yuzu Finance,Dexs,Movement,101631,946004,6636158,-44.02,-40.14
Pull.fun,Physical TCG,Off Chain,99250,1931450,7711950,-47.63,-56.94
FlowSwap V3,Dexs,Flow,98409,1257120,8721129,-38.07,-77.88
Reactor DEX,Dexs,Fuel Ignition,97365,434399,874630,107.58,81.93
Tapp Exchange,Dexs,Aptos,95606,635007,3142808,135.92,-65.74
BullX,Telegram Bot,Solana,93282,347091,909205,78.76,169.94
Biswap V2,Dexs,BSC,92906,752135,3610617,-50.76,-24.98
ShibaSwap V1,Dexs,Ethereum;Shibarium,89638,447364,2239153,20.83,-18.97
WAGMI,Dexs,ZKsync Era;Fantom;Kava;Ethereum;Metis;Sonic;Base,87019,542692,1880750,325.13,105.91
Capx AI,AI Agents,Capx Chain,85256,986717,1451745,-48.81,-45.04
ApeSwap AMM,Dexs,BSC;Polygon;Ethereum;Telos;Arbitrum,82419,362223,1824926,-1.82,11.42
Dswap,Dexs,ENI,81546,621924,21532790,2.93,-7.34
4Swap,Dexs,Mixin,79955,658449,3417929,-19.91,-58.84
ThalaSwap,Dexs,Aptos,79717,491914,2831930,4.96,-41.15
Nostra Pools,Dexs,Starknet,75743,647891,3515050,-7.69,-57.04
iZiSwap,Dexs,BSC;Aurora;ZKsync Era;OntologyEVM;Ultron;Mantle;Meter;Scroll;Linea;Polygon;Arbitrum;Base;Manta;ZetaChain;Mode;IoTeX;Hemi;Monad,73204,314437,2733687,72.46,-28.64
Scopuly,Dexs,Stellar,72712,511082,2981655,-51.8,9.2
OkieSwap V3,Dexs,X Layer,71959,2413862,3247856,16.12,28.79
Aborean AMM,Dexs,Abstract,70871,539748,3342453,-53.37,-46.92
InitiaDEX,Dexs,Initia,68606,836062,3540610,-63.05,15.46
Ramses Legacy,Dexs,Arbitrum,66894,67462,73702,70314.74,9608.85
Telemetry,Trading App,Solana,65751,379369,1544130,32.6,69.42
PacaSwap DEX,Dexs,Pacaswap,65645,257470,829332,630.93,40.65
ZeroFi,Dexs,Solana,65597,434805,210590178,9.77,-10.08
Satsuma,Dexs,Citrea,65231,723222,4959431,-59.14,-71.42
Exa Card,Crypto Card Issuer,Base;OP Mainnet,65082,403448,1533614,-17.9,52.63
Sport.fun,Prediction Market,Base,64699,688062,3356295,14.53,-23.12
bopAMM,Dexs,Ethereum,62970,300570,1865512,2.1,147.68
Pacifica Spot,Dexs,Solana,62605,410873,2083367,0.83,-16.83
PHUX,Dexs,PulseChain,62083,328711,2183324,47.84,66.47
Pact,Dexs,Algorand,60850,523605,1651244,-12.55,
Kast Card,Crypto Card Issuer,Movement,60814,160895,726986,141.62,45.56
Bitget Wallet Card,Crypto Card Issuer,Arbitrum,59692,514428,4113261,-35.13,-59.55
Upheaval V3,Dexs,Hyperliquid L1,59199,534420,2961674,-28.15,-52.41
Helix Spot,Dexs,Injective,56617,511823,3926537,-45.64,-49.1
Bancor V3,Dexs,Ethereum,56485,459887,1422356,68.4,-83.54
BabySwap,Dexs,BSC,52467,279878,1329500,31,-12.88
Peer,Payments,Base,52216,287050,1288758,25.38,24.06
Lithos,Dexs,Plasma,51555,337771,2397754,15.67,-56.51
Pangolin V2,Dexs,Avalanche,50214,383954,1869722,-0.83,-62.39
Beets DEX V3,Dexs,Sonic,50104,561953,1379399,254.59,6.54
Gemint,Physical TCG,BSC,48224,976493,1466087,-50.3,-0.75
Omnipair,Lending,Solana,47519,270475,1110899,6.79,-2.35
Nerve,Dexs,BSC,47030,179874,973505,-32.78,25.48
Ready Card,Crypto Card Issuer,Starknet,46888,271920,271920,1.3,
Canonic,Dexs,MegaETH,46623,381503,1887342,-36.23,14.35
Sovryn Dex,Dexs,Rootstock;BOB,45289,426891,2324693,-45.29,-76.37
Curve LlamaLend,Lending,Ethereum;Arbitrum;OP Mainnet;Fraxtal;Sonic,44699,896860,3531377,-78.88,-80.61
STEAMM,Dexs,Sui,44424,132399,1572730,80.81,116.46
MachineX CL,Dexs,Peaq,43837,142669,1320393,129.85,110.47
HbarSuite,Dexs,Hedera,41367,221975,1097619,6.66,2.04
Ubeswap V3,Dexs,Celo,41196,1110495,2542158,-85.5,-62.57
ALEX,Dexs,Stacks,40648,148477,880426,15.87,-27.51
HyperSwap V2,Dexs,Hyperliquid L1,40387,705616,2540241,-20.66,14.13
SafePal Card,Crypto Card Issuer,Arbitrum,39281,243499,1030447,-19.85,25.68
Dinosaur Eggs,Dexs,BSC,38077,72401,395637,175.64,-7.68
Defi Swap,Dexs,Ethereum,37704,438063,2620172,-86.4,-19.02
GT3,Dexs,Polygon,37335,118095,364940,974.7,332.57
Sanctum Reserve,Yield,Solana,36937,85912,10576043,19.86,
Ramses CL,Dexs,Arbitrum,36380,196200,1108574,38.03,-7.81
Valiant Trade Spot,Dexs,Fogo,34931,791925,4203507,-53.89,-90.28
BEX,Dexs,Berachain,34456,245961,1044774,78.09,49.32
BarterSwap Superposition,Dexs,Ethereum,33813,188080,391827,-14.39,55.07
Gate Swap Spot,Dexs,GateLayer,32577,114941,822779,131.9,65.14
Nad.fun,Launchpad,Monad,32435,349702,2592490,-40.62,-68.8
zkSwap V2,Dexs,ZKsync Era;Sonic;Monad,31849,204573,1075486,-0.61,23.67
Scale,Dexs,Base,31723,298484,952296,5.23,-20.86
2THICK,Dexs,Sonic,31501,269202,1892968,117.11,17.92
XFlows,Dexs,Wanchain,31410,234452,1704724,-21.2,-49.91
Monday Trade Spot,Dexs,Monad,31067,61441,195434,2377.43,783.84
Sologenic,Dexs,XRPL,30622,101796,284642,1106.54,675.24
Ambient,Dexs,Ethereum;Scroll;Canto;Blast;Plume (Deprecated);Swellchain;Plume Mainnet,30512,151045,1514753,51.02,-11.68
Stabull Finance,Dexs,Ethereum;Polygon;Base,28147,124302,798530,32.51,13.2
Treble V2,Dexs,Base,27931,126761,890842,34.34,14.68
Blackhole AMM,Dexs,Avalanche,27725,216180,1281844,8.89,-54.71
Deeptrade,Interface,Sui,27716,69798,681566,762.35,131.39
SquadSwap Dynamo,Dexs,BSC,27662,147657,806220,33.24,16.16
Raindex,Dexs,Polygon;Ethereum;Arbitrum;Base;BSC;Flare;Linea,27656,150277,1986724,9.91,83.07
Uniswap V1,Dexs,Ethereum,27149,180225,976680,-9.49,-27.87
NetSwap,Dexs,Metis,26692,269494,1343224,-48.31,-16.5
SMARDEX AMM,Dexs,Ethereum;BSC;Polygon;Arbitrum;Base,26582,47496,109700,45.94,2431.62
Otomate,Interface,Ink,26337,140901,1276331,57.47,27.91
Invariant,Dexs,Solana;Eclipse,25741,180187,772230,0,0
DYLI,Physical TCG,Abstract,25030,107834,143866,67.71,107.3
Sablier Flow,Payments,Base;Arbitrum;Ethereum;OP Mainnet;Polygon;BSC;Avalanche;Linea;ZKsync Era;Sonic;Hyperliquid L1;Scroll;Unichain;Blast;Mode;Gnosis;Abstract;Berachain;Sei,24283,138066,375084,-11.26,226.17
Swappi,Dexs,Conflux,23020,178156,1410346,-9.75,-41.99
Virtus Protocol CL,Dexs,Base,22901,145836,272681,-10.24,-34.85
Trisolaris,Dexs,Aurora,22745,342037,2433878,-47.99,-59.58
Solayer Card,Crypto Card Issuer,Solana,22057,214791,758146,-57.93,5.56
BabyDogeSwap,Dexs,BSC,21670,192613,1138976,-36.81,-60.47
Pharaoh Legacy,Dexs,Avalanche,21480,333051,1955770,-48.71,-75.56
Turbo,Dexs,Hyperliquid L1,21423,179740,1527001,-24.21,-47.5
Pharaoh V3 Legacy,Dexs,Avalanche,21002,103039,487666,58.65,-17.22
Ferro,Dexs,Cronos,20876,217181,807153,-46.81,42.65
Aftermath AMM,Dexs,Sui,20116,87373,687405,80.44,-6.11
BrownFi V3,Dexs,Berachain;Hyperliquid L1,19577,133999,294716,61.82,-34.36
Hyperlynx V3,Dexs,Hyperliquid L1,19346,116649,118005,-28.08,1353.49
Tempo Stablecoin Dex,Dexs,Tempo,19063,484078,3338329,-94.17,30.09
TopStrike,Gaming,MegaETH,18728,121289,515294,2.87,-32.95
Bulla Exchange,Dexs,Berachain,18525,171434,544718,14.91,13.53
x402,Payments,Hyperliquid L1;Solana;Base;Polygon;Arbitrum;Abstract;BSC;Celo;OP Mainnet;Avalanche,18140,109248,692000,44.46,25.04
HARD Swap,Dexs,Kava,17995,178115,1804682,-36.94,-43.63
Koi Finance AMM,Dexs,ZKsync Era,17934,109059,615796,-5.83,-53.61
Kittenswap CL,Dexs,Hyperliquid L1,17853,281695,798335,-40.85,-13.77
Forest V1,Dexs,BSC,17624,153414,919521,7.33,55.05
Skate AMM,Dexs,Ethereum;BSC;Base;Arbitrum;Solana;Eclipse;Hyperliquid L1;Plume Mainnet;Mantle;Sui;Monad;MegaETH;Tempo,17483,34159,189853,33.02,1838.25
Ramses Legacy V2,Dexs,Hyperliquid L1;Arbitrum;Polygon,17110,39085,299739,342.23,27.58
LiquidSwap,Dexs,Aptos,16673,183973,864838,29.12,-54.6
Carbon Defi,Dexs,Ethereum;Sei;Coti;Celo;TAC,16632,139890,1114122,-33.58,-43.42
BaseX,Dexs,Base,15920,101430,560429,-9.45,43.96
FlowX V2,Dexs,Sui,14943,31852,189408,332.63,201.09
BetterSwap,Dexs,VeChain,14871,57422,202441,113.54,158.31
Seer,Prediction Market,Ethereum;Gnosis,14714,219790,418095,502.79,2265.59
Zyberswap V3,Dexs,Arbitrum,14663,73657,433519,67.65,-48.82
LlamaPay,Payments,Berachain;Base;OP Mainnet;Sonic;Ethereum;Polygon;Gnosis;Scroll;Avalanche;Arbitrum;Metis,14328,289613,782839,-74.62,-55.47
Myriad Markets,Prediction Market,Abstract;Linea;BSC,14201,192705,1155417,-44.64,-44.63
Kava Swap,Dexs,Kava,13562,109063,428031,-19.11,-37.14
StellaSwap V4,Dexs,Moonbeam,13443,96359,726332,-23.22,-35.49
DeltaSwap,Dexs,Arbitrum;Base;Ethereum,12477,183114,985467,-36.35,-57.4
ZORA Coins,Launchpad,Base,12448,81082,762165,-36.66,108.3
Thruster V3,Dexs,Blast,12372,288104,1785871,105.17,-81.01
zkSwap V3,Dexs,ZKsync Era;Sonic;Monad,11770,40334,382190,117.12,25.44
BrownFi V2,Dexs,Berachain;Base;BSC;Arbitrum;Hyperliquid L1;Linea;Monad,11557,162704,4668400,-56.14,-46.47
Cauldron,Dexs,Bitcoincash,11380,109636,1198858,-65.62,-41.78
CaviarNine Shape Liquidity,Dexs,Radix,10840,73355,226117,61.79,-46.12
Shiny,Physical TCG,Base;Abstract,10782,108508,938301,43.24,-32.57
Hercules V3,Dexs,Metis,10394,132440,660449,-50.01,-40.69
Infusion,Dexs,Base,9854,55273,309841,18.64,-11.69
Cube,Dexs,Solana,9839,53563,60048,23.96,3758.43
Consensus Liquidity DEX,Dexs,Kaia,9532,186026,631057,-3.47,-41.24
Honeyswap,Dexs,Gnosis;Polygon,9433,53644,4207394,70.83,-10.98
Sonex,Dexs,Soneium,9299,45054,260923,59.8,-0.35
Rain,Prediction Market,Arbitrum,9288,54862,430702,-60.33,
Equalizer Exchange,Dexs,Fantom;Sonic,9262,37405,96080,359.2,227.86
1DEX,Dexs,Vaulta,9145,69799,286351,-3.05,34.66
DFlow Prediction Market,Interface,Solana,9070,343055,795225,-92.48,-86.2
Ubeswap V2,Dexs,Celo,8412,172191,380815,-80.82,-43.24
KittyPunch PunchSwap,Dexs,Flow,8220,118593,1009115,-51.13,-84.27
Metropolis AMM,Dexs,Sonic,8167,20757,47478,796.49,3923.15
Wombat Exchange,Dexs,BSC;Arbitrum;Ethereum;Scroll;Avalanche;Base;OP Mainnet;Monad;Polygon;Hyperliquid L1,8095,41897,430565,-38.79,-26.95
Platypus Finance,Dexs,Avalanche,8090,77685,347717,-30.76,-65.31
Secured Finance Lending,Lending,Arbitrum;Ethereum;Filecoin,7650,61299,466115,-44.49,-24.44
DeltaTrade,Dexs,Near;Solana,7636,62443,679182,-49.9,-31.03
SakuraSwap AMM,Dexs,Ink;Zero Network;Shape;Abstract,7619,70575,197454,-40.24,11.08
Xfai,Dexs,Linea,7542,26441,168759,302.03,35.94
Asset Chain Swap,Dexs,Asset Chain,7489,22434,171345,58.87,749.09
Swop,Dexs,Waves;Unit Zero,7242,59588,260177,0.01,-8.13
Splash Protocol,Dexs,Cardano,6778,32316,369780,43.3,47.86
Swapr V2,Dexs,Ethereum;Gnosis;Arbitrum,6669,41215,244778,21.81,-12.26
Thick,Dexs,Arbitrum;Base;Fantom;Sonic,6402,41607,199253,-3.56,7.18
Blasterswap V2,Dexs,Blast,6383,23193,111763,42.51,130.1
Ferra CLMM,Dexs,Sui,6367,24931,245594,113.8,173.73
Aster Predictions,Prediction Market,Off Chain,6292,37806,1446885,8.54,-3.92
Topaz AMM,Dexs,BSC,6223,73168,1879455,-52.17,-59.41
SwapBased Concentrated Liquidity,Dexs,Base,6149,30794,216168,62.84,4.72
Flamingo Finance,Dexs,NEO,5502,234824,776041,-57.79,-27.33
H2 Finance V2,Dexs,Cronos zkEVM,5357,45470,556736,31.11,-43.25
Atmos DEX,Dexs,Supra,5321,65619,321728,-41.65,-54.23
Etherex Legacy,Dexs,Linea,5319,37091,165356,81.29,325.18
Somnia Exchange,Dexs,Somnia,5217,42700,167101,-24.83,15.11
Sushi Aptos,Dexs,Aptos,4793,8811,59286,,34.71
WanSwap Dex,Dexs,Wanchain,4789,37152,188561,56.76,-35.82
ApertureSwap,Dexs,Manta,4600,16879,142797,107.49,53.18
Stratium Binary Options,Interface,Hyperliquid L1,4535,26554,64240,0,-55.61
Thruster V2,Dexs,Blast,4468,7014,39138,220.06,804.45
KlaySwap V1,Dexs,Kaia,4342,82442,481850,-61.47,-75.5
Dfyn Network,Dexs,Polygon,4231,21259,131255,39.68,-35.09
H2 Finance V3,Dexs,Cronos zkEVM,4209,28846,231729,43.31,-75.02
Solarbeam,Dexs,Moonriver,4058,30814,653037,-6.04,184.77
Verse,Dexs,smartBCH;Ethereum,4033,40850,2524328,-68.54,-67.53
Paradex Spot,Dexs,Paradex,3977,16859,247460,136.02,239.05
EulerSwap,Dexs,Ethereum;Unichain;BSC;Monad,3939,163033,1843356,-83.66,-86.66
Polycat,Farm,Polygon,3934,26082,125737,103.41,15.3
Joe V2,Dexs,Avalanche;Arbitrum;BSC;Ethereum,3922,13246,84814,103.95,-34.38
Grambo,Launchpad,TON,3717,34621,34621,682.53,
Tethys AMM,Dexs,Metis,3658,32158,173036,-34.09,-2.38
Arena DEX,Dexs,Avalanche,3582,18163,114775,24.16,115.78
BulbaSwap V2,Dexs,Morph,3452,20628,108964,18.18,-44.94
Treble Spot,Dexs,Base,3450,108428,472616,-82.92,-82.31
KittyPunch StableKitty,Dexs,Flow,3403,24598,323947,-43.07,-44.77
death.fun,Luck Games,Abstract,3355,116523,1497229,-72.16,-96.15
Alt Fun,Launchpad,Hyperliquid L1,3342,15076,433130,118.43,-27.01
sTONks,Launchpad,TON,3285,24681,441438,22.07,-82.47
MooniSwap,Dexs,Ethereum,3262,2642849,35703337,8.62,-99.76
PiperX V3,Dexs,Data Network,3209,104386,587866,-68.67,-95.77
KIM Exchange V2,Dexs,Mode,3144,6244,23182,163.76,212.21
SupSwap V3,Dexs,Mode,3063,3506,4589,460.99,9780.65
SpookySwap V3,Dexs,Fantom;Sonic,3057,32623,107979,21.5,-80.68
DefiBox,Dexs,BSC;Vaulta;Wax,2959,28779,196194,-2.7,-50.81
Pharaoh CL,Dexs,Avalanche,2922,37491,470723,42.75,-75.2
PumpBox,NFT Marketplace,Base,2909,26339,29470,-31.79,260.47
Solidly V2,Dexs,Ethereum,2905,5136,34932,357.48,-58.09
NarBet,Luck Games,Monad,2885,4011,26845,864.88,293.59
SpookySwap V2,Dexs,Fantom;Horizen EON;Bittorrent;Sonic,2846,63350,382389,-54.8,-89.03
Pool Party,Dexs,Canton,2841,85501,672659,-73.49,-85.05
Pixie Chess,Gaming,Base,2749,16764,71914,11.79,25.87
Increment Swap,Dexs,Flow,2747,23479,204272,-27.62,-64.67
WigoSwap,Dexs,Fantom,2682,61982,188737,-65.84,-92.82
AuroraSwap,Dexs,Aurora,2674,33116,268078,-53.35,-59.34
Demex AMM,Dexs,Carbon,2528,16612,46469,-35,433.33
Merchant Moe DEX,Dexs,Mantle,2454,23344,90979,-4.1,-41.59
PancakeSwap Lottery,Luck Games,BSC,2347,12568,53255,613.37,669.51
MojitoSwap,Dexs,KCC,2241,7529,144219,153.22,-96.32
Macaron AMM,Dexs,Bitlayer,2224,3569,4929,,
ArcherSwap,Dexs,CORE,2202,15257,149924,13.8,24.27
SpiritSwap AMM,Dexs,Fantom,2198,50527,132115,-49.38,-90.14
XSwap V2,Dexs,XDC,2138,17515,86864,-10.21,98.88
EchoDEX V3,Dexs,Linea,2005,16825,96945,-38.95,-37.42
MerlinSwap,Dexs,Merlin,1986,5706,121860,,
Printr,Launchpad,BSC;Ethereum;Base;Monad;Arbitrum;Avalanche;Mantle,1911,3224,293634,142.21,1547.41
BladeSwap AMM,Dexs,Blast,1894,5992,34084,112.81,161.24
BaseSwap V2,Dexs,Base,1886,14059,65892,2.84,-5.65
KIM Exchange V3,Dexs,Mode,1844,16411,111425,25.78,-49.41
Elexium,Dexs,Alephium,1838,12084,83632,-62.87,-74.44
Wswap,Dexs,Ethereum;W Chain,1737,12813,37431,0.17,54.81
Ociswap Precision,Dexs,Radix,1709,11028,25587,84.76,33.83
Zebra V2,Dexs,Scroll,1682,16325,94207,-41.11,-50.88
Revoswap,Dexs,X Layer,1651,19880,98348,-32.69,-49.62
ShapeSwap V3,Dexs,Shape,1645,6897,67568,400,-76.94
sendfun Launchpad,Launchpad,Solana,1624,13687,18761,-84.92,35
Alita Finance,Dexs,BSC,1598,10604,66088,-10.83,-69.93
Kodiak V2,Dexs,Berachain,1510,12893,70665,25.42,-29.24
Balanced Exchange,Dexs,Icon,1509,30889,235833,-79.73,-49.29
Liquidiction,Interface,Hyperliquid L1,1499,10470,133218,0,153.64
CaviarNine Agg,DEX Aggregator,Radix,1480,7183,228175,88.78,-13.85
WardenSwap,Dexs,BSC;OP Mainnet;Ethereum;Polygon;Arbitrum,1463,14304,84292,-43.23,-69.43
WinerySwap,Dexs,BSC,1459,14633,84498,-39.71,-64.36
DackieSwap V3,Dexs,Base;OP Mainnet;Arbitrum;Blast;Mode;X Layer;Linea,1421,17181,118586,-57.59,-59.92
Nile CL,Dexs,Linea,1411,11209,218754,-70.12,-0.28
KnightSwap Finance,Dexs,BSC;Fantom,1407,14994,87309,-43.4,-76.23
Supernova AMM,Dexs,Ethereum,1384,14433,82240,-26.23,-43.02
CaviarNine LSU Pool,Dexs,Radix,1381,9440,47398,0.88,-2.47
Everdex,Dexs,Bifrost Network,1366,57624,274042,,-95.22
Axial,Dexs,Avalanche,1362,17493,92328,-34.83,-71.17
Web3.world,Dexs,Venom,1354,8930,87920,-36.99,-35.49
Capybara Dexs,Dexs,Kaia,1335,13604,75845,-42.13,-44.97
DefiPlaza,Dexs,Ethereum;Radix,1280,11393,39898,-66.3,-38.99
Saddle Finance,Dexs,Ethereum;Arbitrum,1264,1271,1855,42033.33,
Titano Swych,Dexs,BSC,1250,12432,74358,-44.27,-68.01
Voltage V4,Dexs,Fuse,1209,4264,25755,104.57,110.63
StarkDeFI,Dexs,Starknet,1203,8269,50361,3.89,-43.55
AutoShark,Dexs,BSC,1187,4489,26618,120.22,59.12
E3,Dexs,Fantom;Arbitrum;Base,1161,33955,186902,-63.87,-80.84
StellaSwap V3,Dexs,Moonbeam,1109,9427,27627,0,291.87
Snap V3,Dexs,TAC,1092,32492,39376,-11,2041.18
Enosys AMM V2,Dexs,Flare;Songbird,1082,5636,33682,-2.26,41.44
OolongSwap,Dexs,Boba,1077,10797,69892,-2.89,69.61
JetSwap,Dexs,BSC;Fantom;Polygon,1049,5028,35340,8.14,-50.28
SyncSwap V3,Dexs,Linea;Sophon;ZKsync Era,1022,3867,23498,324.07,205.99
GMX V2 AMM,Dexs,Arbitrum;Avalanche;Botanix;Solana;MegaETH,978,40638,560406,-95.47,-55.3
SimpleDEX,Dexs,XPR Network,971,5222,37577,61.3,-35.48
Saphyre V2,Dexs,Sei,970,15767,199205,12.92,-89.24
RadioShack,Dexs,Polygon;BSC;Ethereum;Fantom;Avalanche,951,11055,88365,-43.86,-69.31
PumpSpace V2,Dexs,Avalanche,919,6889,81254,19.04,-68.12
Chronos V1,Dexs,Arbitrum,901,5868,19541,144.84,-24.35
Nabla Finance,Dexs,Arbitrum;Base;Berachain;Monad;Hyperliquid L1,816,39237,486594,-78.22,-85.07
Trueo,Prediction Market,Base,803,4413,31621,942.86,-68.74
Dove Swap V3,Dexs,Polygon zkEVM,777,2592,18750,19325,-13.95
Elk,Dexs,Avalanche;Polygon;Fantom;BSC;Gnosis;KCC;Elastos;IoTeX;Fuse;OKTChain;Ethereum;Arbitrum;OP Mainnet;Telos;Metis;Linea;Moonriver;Base,767,9346,38797,-13.53,-36.61
AmpleSwap,Dexs,BSC,753,2121,5827,253.52,488.28
Meridian AMM,Dexs,Movement,752,3818,126258,36.48,-17.27
KLEX Finance,Dexs,Kaia,739,7642,47659,-36.78,-54.77
Swap Country,Dexs,Harmony,733,3516,7387,-43.4,168.5
KaspaCom Dex,Dexs,Kasplex;Igra,721,9779,55745,6.34,-90.47
SwapMode V2,Dexs,Mode,716,1931,11553,247.57,157.55
WannaSwap,Dexs,Aurora,703,7142,66739,-36.21,-50.84
GarudaDefi,Dexs,Terra Classic,695,14572,92555,-47.07,-67.14
Equilibre,Dexs,Kava,694,5902,23137,-55.08,-46.66
Pangea Swap,Dexs,Kaia,693,643,4902,34550,181.71
Pinto,Algo-Stables,Base,688,5088,40685,-0.86,-40.28
Gravity Finance,Dexs,Polygon,683,5881,33009,-1.87,-44.2
Thirdfy,Dexs,Base,682,6210,32209,-43.91,51.22
Zyberswap AMM,Dexs,Arbitrum,681,4586,25094,-7.35,-48.29
Dusa Protocol,Dexs,Massa,667,10166,15976,,32.08
UltronSwap,Dexs,Ultron,650,2939,30634,2307.41,1525
Cometh,Dexs,Polygon,592,1476,6745,228.89,111.43
Ellipsis Finance,Dexs,BSC,584,23642,560469,-96.61,-60.33
Blue Planet,Dexs,BSC,563,5385,30953,-43.42,-65.94
KittyPunch PunchSwap V3,Dexs,Flow,562,9215,70616,-53.55,-86.68
OraiDEX,Dexs,Oraichain,546,6883,25320,-22,-71.28
Maia CL,Dexs,Metis,545,4191,23935,-38.83,-63.76
Kittenswap AMM,Dexs,Hyperliquid L1,545,9226,79804,-46.15,-81.86
Meshswap,Dexs,Polygon,537,5921,38314,-28.97,-91.99
World Markets Spot,Dexs,MegaETH,527,26933,2287392,-84.76,15.07
ShibaSwap V2,Dexs,Ethereum;Shibarium,518,2271,27161,4.86,-94.52
SolidLizard Dex,Dexs,Arbitrum,496,3320,17655,-20.39,-37.69
HyperJump,Dexs,BSC;Fantom;Metis,473,4685,23932,-29.4,-64.86
Sailor,Dexs,Sei,473,3953,26692,547.95,-50.88
Bifrost DEX,Dexs,Bifrost,470,4710,292443,24.34,-25.28
Gliquid,Dexs,Hyperliquid L1,459,6686,45226,-55.91,-70.12
DeltaDeFi,Dexs,Cardano,456,2952,30717,-32.94,-56.94
HakuSwap,Dexs,Avalanche,451,4192,20293,-32.99,-57.45
Ready Cards,Physical TCG,Solana,446,1166,3709,-38.06,184.08
9mm V2,Dexs,PulseChain;Base;Sonic,444,2240,11253,127.69,-2.84
SwapX V2,Dexs,Sonic,437,2417,13052,432.93,-35.45
StellaSwap V2,Dexs,Moonbeam,435,4525,42168,15.08,-67.49
EddyFinance AMM,Dexs,ZetaChain,432,9669,47102,-58.7,-78.73
MachineX Legacy,Dexs,Peaq,432,3883,41495,74.19,-56.28
Butter.xyz,Dexs,Mantle,428,1542,7207,111.88,-36.12
zkSwap StableSwap,Dexs,ZKsync Era,427,5490,86484,180.92,
Levinswap,Dexs,Gnosis,421,767,7833,1459.26,679.63
Atmos Studio,Launchpad,Supra,414,828,4896,935,-34.29
GasPump,Launchpad,TON,411,2380,42885,20450,20450
HypeMarket,Prediction Market,Supra,397,9206,42961,-51.11,-61.68
Karura Swap,Dexs,Karura,381,702,4291,44.87,4662.5
Arena Launch,Launchpad,Avalanche,377,2673,13139,-17.14,-6.91
Worm,Prediction Market,Solana,369,19879,101221,-21.32,-89.11
FVM Exchange,Dexs,Fantom,366,10497,29378,-69.3,-92.16
Mimo V2,Dexs,IoTeX,336,3176,15807,22.63,-75.55
LuaSwap,Dexs,Ethereum;Viction,335,1479,9674,65.02,-18.09
Nile Legacy,Dexs,Linea,324,5787,50920,-62.76,65.31
Koi Finance CL,Dexs,ZKsync Era,300,709,14552,-8.81,85.19
BlueMove DEX,Dexs,Aptos;Sui,295,4902,32583,-39.05,-34.73
Ociswap Basic,Dexs,Radix,291,1376,5476,1064,282.89
Gravis Finance,Dexs,BSC;Polygon;Heco,290,1887,10489,-5.54,-44.34
Hotstuff Spot,Dexs,Hotstuff,290,1369,124022,249.4,-52.22
ZKBase,Dexs,ZKsync Era,284,1773,9883,-15.48,-48.92
Amigo,SoFi,Abstract,280,337,2354,,
Swapsicle V2,Dexs,Mantle;Telos;Taiko,277,550,7769,69.94,
Somnex V3,Dexs,Somnia,273,2202,8941,-24.17,36.5
Dystopia,Dexs,Polygon,271,1736,10835,1.12,-53.2
PadSwap,Dexs,BSC;Moonriver;Moonbeam,270,2592,18621,-40,-65.34
Cone,Dexs,BSC,255,3366,15088,-58.54,-53.64
Unibot,Telegram Bot,Ethereum,253,2364,21561,-20.44,
Land Bid,Gamified Mining,Base,237,2088,19587,13.94,-16.55
Arena SocialFi,SoFi,Avalanche,236,6224,15492,-61.06,-73.45
Molten V4,Dexs,CORE,233,3006,83152,-57.09,-80.92
cytoswap,Dexs,HeLa,226,710,2509,111.21,151.11
VinuSwap,Dexs,VinuChain,226,1201,5504,-15.67,-65.81
SilverSwap,Dexs,Sonic,224,1178,3657,873.91,138.3
Solidly,Dexs,Fantom,221,4353,10750,-64.12,-80.7
Velar AMM,Dexs,Stacks,213,1752,14913,97.22,-44.09
Somnex DEX,Dexs,Somnia,203,1219,4968,-2.4,32.68
NextRare,Physical TCG,MegaETH,200,5900,35000,-87.1,
MorFi,Dexs,Morph,198,930,9571,182.86,11.24
flooor.fun,NFT Marketplace,Base,197,2090,5682,-52.64,-81.93
X3X,Prediction Market,World Chain,191,2327,14628,54.03,-32.03
Aequinox,Dexs,BSC,188,1098,6734,1.08,-48.21
PiperX V2,Dexs,Data Network,180,2829,15747,-20.35,-95.93
Mosaic AMM,Dexs,Movement,180,14943,22880,37.4,-22.75
VaporDex V1,Dexs,Avalanche;ApeChain;Telos,179,4287,30869,-48.27,-89.04
Nuri CL,Dexs,Scroll,177,1968,18746,18.79,-34.93
DefiChain DEX,Dexs,DefiChain,166,54424,675023,-91.29,-99.44
Morpheus Swap,Dexs,Fantom,162,1662,4250,-14.29,-76.21
boop.fun,Launchpad,Solana,161,4097,4738,-95.67,
SpinUp DEX,Dexs,Hyperliquid L1,159,1181,14800,-33.19,-39.08
SpicySwap,Dexs,Tezos,157,1814,13203,-53.27,-74.18
Lynex V1,Dexs,Linea,156,5557,12435,-36.07,-29.41
Goblins AMM,Dexs,Base;BSC;smartBCH,148,1072,6189,-24.1,-34.51
Tempo Fee AMM,Dexs,Tempo,143,816,1977,4.38,90.67
Tristero Spot,Dexs,Abstract;Sonic;Berachain;Gnosis;Arbitrum;Polygon;Unichain;Ethereum;Avalanche;Scroll;Base;Monad;OP Mainnet;Mode;BOB;Linea;ApeChain;Ink;Ronin;Mantle,142,89387547,123033083,-100,-97.3
Yaka V3,Dexs,Sei,133,901,5787,-30,358.62
Gate Fun,Launchpad,GateLayer,133,2999,18669,77.33,-60.77
ProtoFi,Dexs,Fantom,129,2704,8297,-55.05,-89.08
Tsunami V3,Dexs,Ink,126,126,2726,,
VanillaSwap V3,Dexs,DeFiChain EVM,125,357,3473,316.67,861.54
Mobius Money,Dexs,Celo,124,1137,7952,-22.98,-50
Crodex,Dexs,Cronos,124,916,6480,-56.03,-62.31
Swapsicle V1,Dexs,Polygon;OP Mainnet;Fantom;Avalanche;Ethereum;Arbitrum;BSC;Telos,119,1964,3409,-32.39,-75.61
FusionX V2,Dexs,Mantle,119,587,2894,-18.49,-76.25
Vaulta RAM,Dexs,Vaulta,114,916,10772,-8.06,-91.11
Parity DEX CL,Dexs,Monad,108,688,4213,-52.21,-31.21
DashsWallet,Portfolio Tracker,BSC;Polygon;OP Mainnet;Base;Avalanche;Ethereum;Arbitrum,104,152,152,477.78,
HumanFi,DEX Aggregator,World Chain,101,744,7064,-4.72,-38.41
IcecreamSwap V2,Dexs,Bitgert;CORE,98,622,6077,6.52,12.64
Sushi Trident,Dexs,Metis;OP Mainnet;Polygon;BSC;Arbitrum;Avalanche;Bittorrent;Kava,97,402,1562,97.96,79.63
SparkDEX V3,Dexs,Flare,97,1028,13593,-1.02,-57.64
PhotonSwap Finance,Dexs,Cronos,90,558,4217,-38.36,-67.03
Pearl V1,Dexs,Polygon,90,72384,209817,-29.69,-99.33
Nearpad,Dexs,Aurora,89,723,8143,23.61,-37.76
Velocimeter V4,Dexs,IOTA EVM,84,1211,8820,-88.68,-38.69
Kokonut Swap,Dexs,Kaia;Polygon zkEVM;Base,82,1004,7893,-13.68,-68.09
DerpDEX,Dexs,ZKsync Era;Base;opBNB,82,963,4349,-54.7,-65.11
firefly,Dexs,Manta,82,553,6392,-22.64,38.98
MantisSwap,Dexs,Polygon;Polygon zkEVM;Mode,81,490,2578,800,6.58
PinkSwap,Dexs,BSC,80,632,3741,-25.93,-65.37
CrescentSwap,Dexs,Arbitrum,80,423,2653,-4.76,-44.44
KyotoSwap,Dexs,BSC,78,816,6040,-40.46,-65.33
HX Finance,Dexs,Hyperliquid L1,78,793,4047,-45.83,-52.44
Rooster Protocol V1,Dexs,Plume (Deprecated);Plume Mainnet,77,8371,50313,-64.68,-95.86
VanillaSwap V2,Dexs,DeFiChain EVM,74,1893,13590,-21.28,25.42
Elixir,Yield,Base,72,38912,44246,-55,44
Clutch Anvil AMM,Dexs,Ethereum;ApeChain;Base,72,1258,9912,4.35,
YourGrails,Physical TCG,Avalanche,70,148179,350259,-99.87,
EchoDEX V2,Dexs,Linea,66,380,2599,34.69,-38.32
Emojicoin.fun,Launchpad,Aptos,66,309,2246,,-61.18
Ginseng Swap,Dexs,Conflux,66,281,6169,,60.98
SmartDEX,Dexs,Polygon,64,409,2583,-5.88,-87.57
Zebra V1,Dexs,Scroll,62,399,2356,-6.06,-3.13
DTX Dex V3,Dexs,Taiko,62,237,1561,121.43,
Huckleberry AMM,Dexs,Moonriver;CLV,61,280,14542,6000,-71.89
Sphynx,Dexs,BSC;Cronos;Bitgert,60,499,2549,-36.84,-55.56
Voltage AMM,Dexs,Fuse,58,240,3104,1350,728.57
Bean Exchange,Dexs,Monad,57,412,5024,-57.46,-5
Hybra V2,Dexs,Hyperliquid L1,54,512,3135,-40,-54.62
PurpsExchange,Dexs,Monad,53,304,2033,-43.62,-19.7
DragonSwap V2 Kaia,Dexs,Kaia,51,798,6543,-45.16,-77.33
BurrBear,Dexs,Berachain,50,1082,2303,42.86,28.21
Saros DLMM,Dexs,Solana,50,1570,33976,-83.87,163.16
Fenix Standard Pools,Dexs,Blast,49,342,3400,-40.96,-2
SquadSwap V2,Dexs,BSC,48,298,434,33.33,1100
Jellyverse,Dexs,Sei,47,1037,5265,261.54,-82.33
ShapeSwap V2,Dexs,Shape,47,339,2320,193.75,-93.3
friend.tech V1,SoFi,Base,45,116,5992,4400,-86.96
Cleopatra Legacy,Dexs,Mantle,43,64,223,168.75,43.33
Ninja Blaze,Prediction Market,Injective,43,510,3479,186.67,230.77
Omni Exchange V3,Dexs,OP Mainnet;Arbitrum;Base;BSC;Avalanche;Sonic;Plasma,43,234,8980,,-95.89
Rarible,Services,Ethereum;Polygon,41,2578,12230,-70.07,64
Complus Network,Dexs,BSC;Avalanche;Polygon;Heco,30,482,8699,-70,-88.14
Pandora,Dexs,BSC,28,183,1161,-28.21,-48.15
EmpireDEX,Dexs,BSC;Polygon;Avalanche;Gnosis;Ethereum;Fantom;Kava;Cronos,27,184,1146,-27.03,-67.86
Tomb Swap,Dexs,Fantom,27,995,12048,-73.79,-87.08
BitGenie AMM,Dexs,Merlin,27,817,13486,-74.04,-97.58
TTswap,Dexs,ThunderCore,24,843,3491,-11.11,-95.4
Embr Finance,Dexs,Avalanche,24,429,6801,-45.45,-67.12
Glyph V2,Dexs,CORE,24,68,1032,100,200
HyperBrick,Dexs,Hyperliquid L1,24,53,2183,2300,-27.27
WhaleSwap,Dexs,BSC;Fantom,23,156,815,-17.86,-43.9
Yaka V2,Dexs,Sei,23,621,2842,155.56,-84.35
YieldFields,Dexs,BSC,20,330,1461,-48.72,-72.22
HunnySwap,Dexs,Avalanche,20,349,4250,-51.22,-90.24
ICDex,Dexs,ICP,19,3297,9371,-95.75,18.75
Gin Finance,Dexs,Boba,17,94,831,13.33,41.67
Crovia NFT Marketplace,NFT Marketplace,Cronos,17,190,551,,-37.04
MM Finance Arbitrum,Dexs,Arbitrum,16,97,469,6.67,-51.52
SparkDEX V2,Dexs,Flare,16,1676,7516,6.67,14.29
CobaltX,Dexs,Soon Network;soonBase;svmBNB,16,87,512,,
Sobal,Dexs,Neon;Base,15,46,440,,
Meridian Swap,Dexs,Telos,15,75,1045,,0
Darkness,Dexs,Cronos,13,170,1340,,8.33
Baryon Network,Dexs,Ancient8;BSC;KUB,11,103,3024,-63.33,-54.17
MagicSea AMM,Dexs,ShimmerEVM,11,70,9717,,-92.52
Hercules V2,Dexs,Metis,11,250,1938,-76.09,-75
ChimpX AI DEX,Dexs,Linea,10,148,252,,-9.09
DAO Swap,Dexs,BSC,9,100,1735,-62.5,-40
Cypher V2,Dexs,Ethereum,9,40,248,28.57,-35.71
Probable,Prediction Market,BSC,8,2212,8054,-99.55,-97.63
ChampagneSwap,Dexs,BSC,7,118,276,-91.46,-30
Apex DeFi,Dexs,Avalanche;Base;Ethereum,7,29,328,,-36.36
3xcalibur,Dexs,Arbitrum,6,53,228,0,-68.42
SailFish Finance,Dexs,EDU Chain,6,4877,642865,-87.23,-90.91
Koyo Finance,Dexs,Boba,5,19,102,66.67,
SupSwap V2,Dexs,Mode,5,14,82,66.67,150
Yoshi Exchange,Dexs,Fantom;BSC;Ethereum,4,39,750,0,-75
ZipSwap,Dexs,OP Mainnet;Arbitrum,4,22,112,33.33,-33.33
DackieSwap V2,Dexs,Base;OP Mainnet;Arbitrum;Blast;Mode;X Layer;Linea,4,55,366,0,100
Scribe V4,Dexs,Scroll,4,102,1267,-89.19,-94.37
DiviSwap,Dexs,Chiliz,4,234,441,0,-66.67
SwapMode V3,Dexs,Mode,4,57,184,0,-71.43
Durianfun Launchpad,Launchpad,KUB,4,644,7790,-94.87,
Kayen Finance V3,Dexs,Chiliz,4,17,4689,33.33,-20
FanVibe,Prediction Market,X Layer,4,19,55,,0
Canary,Dexs,Avalanche,3,33,500,0,-78.57
LeonicornSwap,Dexs,BSC,3,28,193,-25,-75
Polaris Finance,Dexs,Aurora;Telos,3,7,46,,50
AlienFi,Dexs,Arbitrum,3,15,67,50,-40
OkieSwap V2,Dexs,X Layer,3,2894,4242,-97.69,-97.81
MDEX,Dexs,BSC;Heco;Bittorrent,2,9737,9813,-99.98,-60
BeamSwap Classic,Dexs,Moonbeam,2,469,10336,-97.85,-99.02
ArthSwap V3,Dexs,Astar;Astar zkEVM,2,19,260,-33.33,
Thaw,Luck Games,Hyperliquid L1,2,210,1799,-81.82,-81.82
ViperSwap,Dexs,Harmony,1,186,2777,-90,
SoulSwap,Dexs,Fantom,1,97,304,-90,-95
Defi Kingdoms,Dexs,Harmony,1,951,68216,-99.82,-50
Kinetix AMM V3,Dexs,Kava;Base,1,1,14,,0
LineHub V3,Dexs,Linea,1,5,25,0,-50
DataDex,Dexs,Vana,1,25,2253,0,
Phygitals,Physical TCG,Solana,1,2,12,,
BabyDoge Algebra,Dexs,BSC,1,19,102,0,-50
KyberSwap Classic,Dexs,Ethereum;Polygon;BSC;Avalanche;Fantom;Cronos;Arbitrum;Aurora;OP Mainnet;ZKsync Era;Linea;Scroll,,,,,
Shell Protocol,Dexs,Arbitrum,,,,,
Serum,Dexs,Solana,,,,,
Sablier Legacy,Payments,Ethereum,0,0,1131,,
IDEX Classic,Dexs,BSC;Ethereum;Polygon,,,,,
Energiswap,Dexs,Energi,,,,,
ZilSwap,Dexs,Zilliqa,,,,,
Unicly,Dexs,Ethereum,0,2,122,,
DFX V2,Dexs,Ethereum;Polygon,,,,,
MakiSwap,Dexs,Heco,,,,,
BXH,Dexs,BSC;Ethereum;Avalanche,0,2,25,-100,-100
PaintSwap on Fantom,Dexs,Fantom;Sonic,,,,,
KuSwap,Dexs,KCC,,,,,
Plenty,Dexs,Tezos,,,,,
Terraswap,Dexs,Terra Classic,,,,,
QuipuSwap V1,Dexs,Tezos,,,,,
Symmetric,Dexs,Gnosis;Telos;Celo,,,,,
CherrySwap,Dexs,OKTChain,0,0,0,,
Clipper,Dexs,OP Mainnet;Ethereum;Polygon;Moonbeam;Arbitrum;Polygon zkEVM;Base;Mantle,0,0,4,,
UniFi,Dexs,OntologyEVM;Icon;Harmony;Bittorrent;BSC;IoTeX;Ethereum;Avalanche;Polygon;Tron,,,,,
CarbonSwap,Dexs,EnergyWeb,0,0,4739,,
JSwap,Dexs,OKTChain,,,,,
Chainge Finance,Dexs,Fusion,,,,,
Kaidex,Dexs,Kardia,,,,,
Polkaswap,Dexs,Sora,,,,,
Synthetify,Synthetics,Solana,,,,,
Aldrin,Dexs,Solana,,,,,
MuesliSwap,Dexs,Cardano;Milkomeda C1 (Deprecated),,,,,
MistSwap,Dexs,smartBCH,0,0,0,,
BenSwap,Dexs,smartBCH;BSC,0,0,0,,
Rubicon,Dexs,OP Mainnet;Arbitrum;Ethereum;Base,0,0,3296,,
ZigZag,Dexs,ZKsync Lite,,,,,
Glide Finance,Dexs,Elastos,,,,,
MinMax Finance,Dexs,IoTeX,,,,,
LumenSwap,Dexs,Stellar,,,,,
Vexchange,Dexs,VeChain,,,,,
WingSwap,Dexs,Fantom,0,0,30,,
YokaiSwap,Dexs,Godwoken;GodwokenV1,,,,,
WagyuSwap,Dexs,Velas,,,,,
Soy Finance,Dexs,Callisto,,,,,
Astroport Classic,Dexs,Terra Classic,,,,,
ErgoDEX,Dexs,Ergo;Cardano,,,,,
ExinSwap,Dexs,Mixin,,,,,
OpenLeverage,Dexs,BSC;Ethereum;KCC,,,,,
VoltSwap,Dexs,Meter,0,0,0,,
Spartan,Dexs,BSC,,,,,
Saros AMM,Dexs,Solana,,,,,
Solarflare,Dexs,Moonbeam,0,342,2958,-100,-100
AstroSwap,Dexs,Velas,,,,,
Hermes V1,Dexs,Metis,0,0,0,,
Crema Finance,Dexs,Solana,0,0,0,,
PegaSys V2,Dexs,Syscoin,0,0,0,,
ClaimSwap V1,Dexs,Kaia,,,,,
Penguin,Dexs,Solana,,,,,
Humble Defi,Dexs,Algorand,,,,,
SMBSwap V2,Dexs,BSC,0,0,0,,
FairySwap V1,Dexs,Findora,,,,,
Hydradex V2,Dexs,Hydra,,,,,
Pandora Swap,Dexs,BSC;Astar,0,0,0,,
Hummus AMM,Dexs,Metis,0,2,2,,
CryptoSwap,Dexs,BSC,0,0,0,,
Spartacus Exchange,Dexs,Fantom,0,0,0,,
Oswap AMM,Dexs,Obyte,,,12148,,
SharkSwap,Dexs,SX Network,,,,,
Acala Swap,Dexs,Acala,,,,,
AuraSwap,Dexs,Polygon,0,0,0,,
Surfswap Classic,Dexs,Kava,0,0,0,,
OpenBiSea,Dexs,DChain,,,,,
Moon Swap,Dexs,Conflux,,,,,
Yodeswap,Dexs,Dogechain,,,,,
Canto Dex,Dexs,Canto,0,0,0,,
MM Stableswap Polygon,Dexs,Polygon,0,0,34,,
Lif3 Swap,Dexs,Tombchain,,,0,,
Junoswap,Dexs,Juno,,,,,
VanSwap,Dexs,Vision,,,,,
Algofi Swap,Dexs,Algorand,,,,,
OKCSwap,Dexs,OKTChain,,,,,
Swaap Maker V1,Dexs,Polygon,0,1,70,,
PYEswap,Dexs,BSC,,,,,
Wojak Finance,Dexs,Dogechain,,,,,
Capricorn Finance,Dexs,Cube,,,,,
VoltSwap V2,Dexs,Meter,0,0,0,,
MarginX DEX,Dexs,FunctionX,,,0,,
Zircon Gamma,Dexs,Moonriver,,,,,
Lifinity V1,Dexs,Solana,,,,,
TempleDAO Trade,Dexs,Ethereum,,,,,
Tetu Swap,Yield,Polygon,0,0,0,,
AUX Exchange,Dexs,Aptos,,,,,
Wavelength DAO,Dexs,Velas,,,,,
HeliSwap,Dexs,Hedera,,,,,
MetaTdex,Dexs,BSC;Heco;Polygon,,,,,
OPX Finance,Derivatives,OP Mainnet,0,0,0,,
Step Exchange,Dexs,Step,,,,,
Archly V1,Dexs,Telos,0,0,0,,
OpenBook,Dexs,Solana,0,0,0,,
10KSwap,Dexs,Starknet,,,,,
El Dorado Exchange,Derivatives,BSC;Arbitrum,,,,,
Mummy Finance,Derivatives,Fantom;OP Mainnet,,,,,
mySwap V1,Dexs,Starknet,,,,,
ABcDeFX,Dexs,Kava;KCC;Fantom,0,0,0,,
Syrup Finance,Derivatives,BSC,,,,,
Maximus,Dexs,Fantom,,,,,
Omax Swap,Dexs,Omax,0,0,27,,
Obric,Dexs,Solana,0,0,0,,
HiveSwap V2,Dexs,MAP Protocol,0,0,10,,
DPEX,Derivatives,Polygon,,,,,
ZyberSwap Stableswap,Dexs,Arbitrum,0,19,128,-100,-100
OnePunchSwap,Dexs,BSC,,,,,
Megaton Finance,Dexs,TON,,,,,
Clober V1,Dexs,Ethereum;Polygon zkEVM;Polygon;Arbitrum,,,,,
VeniceSwap,Dexs,Findora,,,,,
Ashswap,Dexs,MultiversX,0,0,0,,
Subzero ZSwap,Dexs,Avalanche,0,0,0,,
Bisq,Dexs,Bitcoin,,891981,8016360,,
PancakeSwap AMM V1,Dexs,BSC,,,,,
BeamSwap Stable AMM,Dexs,Moonbeam,,,,,
Surfswap Stable AMM,Dexs,Kava,,,,,
KyberSwap Elastic,Dexs,BSC;Ethereum;Avalanche;Polygon;Arbitrum;Fantom;OP Mainnet;Linea;Base;Scroll,,,,,
Lighter V1,Dexs,Arbitrum,,,,,
PonytaSwap,Dexs,Rangers,,,,,
Velocimeter V2,Dexs,Canto,0,0,0,,
WEMIX Full Range Deposit,Dexs,WEMIX3.0,,,,,
Arbitrum Exchange V2,Dexs,Arbitrum,,,,,
SithSwap,Dexs,Starknet,,,,,
Swapline V1,Dexs,Fantom;OP Mainnet;ShimmerEVM;Arbitrum,,,,,
Persistence DEX,Dexs,Persistence One,,,,,
Hadouken AMM,Dexs,GodwokenV1,,,,,
Sharpe Magnum,Yield,Ethereum,,,,,
Auragi Finance,Dexs,Arbitrum,,,,,
Aktionariat,RWA,Ethereum;OP Mainnet;Polygon,,,,,
Forge,Dexs,Evmos,,,,,
SpaceDex,Derivatives,BSC;Arbitrum,,,,,
SatoshiCoreSwap,Dexs,CORE,0,0,0,,
MERLIN DEX,Dexs,ZKsync Era,,,,,
Noah Swap,Dexs,EOS EVM,,,,,
Tealswap V2,Dexs,Oasys,,,,,
SMBSwap V3,Dexs,BSC,,,,,
PheasantSwap,Dexs,ENULS,,,,,
Hydradex V3,Dexs,Hydra;Hydra Chain,0,927,10882,-100,
Veax CLMM,Dexs,Near,,,,,
Kriya AMM,Dexs,Sui,,,,,
CroSwap,Dexs,Cronos,,,,,
AirSwap,DEX Aggregator,BSC;Ethereum;Avalanche;Polygon;Arbitrum,0,0,0,,
Arbitrum Exchange V3,Dexs,Arbitrum,0,0,0,,
FXDX,Derivatives,OP Mainnet;Base,,,,,
Dexter Exchange,Dexs,Tezos,,,,,
Fathom AMM,Dexs,XDC,,,,,
Heraswap,Dexs,Onus,,,,,
MiaSwap,Dexs,Onus,,,,,
BeamSwap V3,Dexs,Moonbeam,0,140,1356,-100,-100
Sudoswap V2,NFT Marketplace,Ethereum;Arbitrum;Base,0,9674,17117,-100,-100
Litx,Dexs,BSC;PulseChain,,,,,
Concordex,Dexs,Concordium,,,,,
Equity,Derivatives,Fantom,,,,,
PegaSys V3,Dexs,Rollux,,,,,
Pinnako,Derivatives,ZKsync Era,,,,,
Swaap Maker V2,Dexs,Ethereum;Polygon;Arbitrum;Mode;Base;OP Mainnet;BSC;Scroll;Linea;Mantle,,140599,1709255,,
FusionX V3,Dexs,Mantle,0,0,0,,
HorizonDEX,Dexs,Linea;Base,,,,,
Reax Swaps,Dexs,Mantle,,,,,
DeepBook V2,Dexs,Sui,,,,,
dexSWAP,Dexs,Arbitrum,0,0,0,,
FCON DEX,Dexs,Mantle,,,,,
Velodrome V2,Dexs,OP Mainnet;Mode;Lisk;Fraxtal;Ink;Soneium;Unichain;Swellchain;BOB;Celo,0,0,9462586,,
Retro,Dexs,Polygon,0,0,0,,
SwapBased AMM,Dexs,Base,,,,,
Velocore V2,Dexs,Linea,0,0,0,,
Chronos V2,Dexs,Arbitrum,0,0,0,,
Throne V3,Dexs,Base,0,0,0,,
LuigiSwap,Dexs,Scroll,0,0,0,,
YFX,Derivatives,Arbitrum,0,0,0,,
Kinetix Derivatives,Derivatives,Kava,,,,,
Nether.Fi,Derivatives,Base,,,,,
Kinetix AMM V2,Dexs,Base;Kava,0,0,0,,
Tegro,Dexs,Ethereum;Polygon;BSC;Avalanche;Arbitrum,,,,,
TangleSwap,Dexs,ShimmerEVM,0,1,93,,-100
BLEX,Derivatives,Arbitrum,,,,,
Xena Finance,Derivatives,Base,0,0,0,,
Monocerus,Dexs,Avalanche;Manta,0,0,0,,
DX25,Dexs,MultiversX,,,,,
VaporDex V2,Dexs,Avalanche,,,,,
Primex Finance,Derivatives,Polygon;Arbitrum;Ethereum;Base,0,0,118,,
CandySwap,Dexs,MEER,,,,,
QuickSwap Liquidity Hub,Services,Polygon,,,,,
Elektrik,Dexs,LightLink,,,,,
Voodoo Trade Base,Derivatives,Base,0,0,0,,
Amped Finance,Derivatives,LightLink;BSC;Sonic;Berachain;Base;Superseed,,,,,
DyorSwap AMM,Dexs,Mode;Plasma;Blast,,,,,
PlunderSwap V2,Dexs,Zilliqa,0,0,0,,
Ascent Exchange V1,Dexs,Horizen EON,,,,,
Ascent Exchange V3,Dexs,Horizen EON,,,,,
mySwap CL,Dexs,Starknet,,,,,
Astrolescent,Dexs,Radix,0,0,4328,,
Ryze.Fi,Derivatives,Arbitrum,,,,,
KIM Exchange V1,Dexs,Mode,,,,,
JIBSWAP,Dexs,JBC,0,0,0,,
Archly V2,Dexs,Arbitrum Nova;Arbitrum;Avalanche;Base;BSC;Cronos;Fantom;Kava;Mantle;Metis;Neon;OP Mainnet;Polygon;Telos;Blast;Fraxtal;Filecoin;Mode;Zora;ZKsync Era;Ethereum;Sonic,0,0,17,,
Cleopatra CL,Dexs,Mantle,,,,,
SquadSwap V3,Dexs,BSC,0,0,0,,
Horiza,Dexs,Arbitrum,0,0,0,,
Garden,Cross Chain Bridge,Ethereum;Bitcoin;Arbitrum;Base;Unichain;Berachain;Starknet;Hyperliquid L1;Corn;Sui;Solana;BSC;Monad;Litecoin;MegaETH;Citrea;Tron;Botanix,0,7539,261569,-100,
Lexer Markets,Derivatives,Arbitrum,,,0,,
HiveSwap V3,Dexs,MAP Protocol,0,381,8272,,
Omnidrome,Dexs,ZetaChain,0,0,0,,
Econia,Dexs,Aptos,,,,,
JediSwap V2,Dexs,Starknet,,,,,
Standard Protocol Mode,Dexs,Mode,0,0,0,,
Voltage V3,Dexs,Fuse,0,0,0,,
Cellana Finance,Dexs,Aptos,0,0,0,,
Dinari,RWA,Ethereum;Base;Arbitrum;Plume Mainnet,0,0,2009093,,
Rockswap,Dexs,Bitrock,,,,,
Gaming DEX,Dexs,Oasys;DeFiVerse,,,,,
Moraswap V3,Dexs,Neon,0,0,0,,
WarpGate,Dexs,Immutable zkEVM,0,0,0,,
Keller Finance V2,Dexs,Scroll,0,0,0,,
savmSwap,Dexs,SatoshiVM,,,,,
Loxodrome AMM,Dexs,IoTeX,0,0,75,,
Fjord V2,Launchpad,Ethereum;Polygon;Arbitrum;Avalanche;Base;Blast;BSC,,,,,
PotatoSwap V2,Dexs,X Layer,0,0,0,,
zkLite Exchange,Dexs,ZKsync Lite,,,,,
Helix Markets,Dexs,ICP,,,,,
FeeFree,Dexs,Zora;Base;Scroll,0,0,0,,
Fjord V1,Launchpad,Ethereum;Polygon;Arbitrum,,,,,
Fenix Concentrated Liquidity,Dexs,Blast,0,0,2,,
Nuri Legacy,Dexs,Scroll,0,22,124,-100,
NLX Protocol,Derivatives,CORE,0,0,0,,
Keller Finance V3,Dexs,Scroll,0,0,0,,
Ape.Store,Launchpad,Base;Ethereum,,,,,
Equation V3,Derivatives,Arbitrum,,,,,
Cropper CLMM,Dexs,Solana,0,0,0,,
Mangrove,Dexs,Blast;Arbitrum,0,0,0,,
Viridian Exchange,Dexs,CORE,0,0,0,,
LineHub V2,Dexs,Linea,0,0,0,,
Pearl V2,Dexs,re.al,,,,,
C3 Exchange,Cross Chain Bridge,Algorand;Avalanche;Bitcoin;Ethereum;Arbitrum;BSC;Solana,,,,,
YFX V4,Derivatives,Arbitrum;Base,,,,,
Polkadex,Dexs,Polkadex,,,,,
Basin Exchange,Dexs,Ethereum;Arbitrum,0,9689,9742,,
Physica Finance,Dexs,Planq,,,,,
Blasterswap V3,Dexs,Blast,0,0,11,,
BladeSwap CL,Dexs,Blast,,,,,
IcecreamSwap V3,Dexs,CORE,0,0,0,,
Soroswap,Dexs,Stellar,0,0,0,,
MintSwap Finance,Dexs,Mint,,,,,
Napier,Yield,Mantle;Avalanche;OP Mainnet;Hyperliquid L1;Polygon;BSC;Base;Sonic;Fraxtal;Arbitrum;Plume Mainnet;Ethereum,0,0,0,,
Xei Finance,Dexs,Sei,,,,,
Ape Jupiter,Launchpad,Solana,0,0,0,,
Kriya CLMM,Dexs,Sui,,,,,
Ducata,Yield,Arbitrum,0,0,0,,
SpaceWhale,Derivatives,Arbitrum,0,0,0,,
Saturn Swap,Dexs,Cardano,0,2215,70941,,-100
FWX DEX,Dexs,Avalanche;Base,,,,,
OraiDEX Pool V3,Dexs,Oraichain,,,,,
seiyan fun,Launchpad,Sei,,,,,
TanukiX,Dexs,Taiko,0,0,0,,
XTrade,Dexs,X Layer,0,0,0,,
GMX V1 AMM,Dexs,Arbitrum;Avalanche,,,,,
Drift AMM,Dexs,Solana,0,0,0,,
Metavault AMM,Dexs,Polygon,,,,,
Orderly AMM,Dexs,Near,,,,,
Level AMM,Dexs,BSC;Arbitrum,,,,,
Torch Dexs,Dexs,TON,,,,,
Renegade,Dexs,Arbitrum;Base,,,,,
Morphex V2 AMM,Dexs,BSC;Fantom,,,,,
Vertex AMM,Dexs,Arbitrum;Mantle;Sei;Base;Sonic;Avalanche,,,,,
PixelSwap (PIX),Dexs,TON,,,,,
KTX spot,Dexs,BSC;Mantle;Arbitrum,,,,,
Mango Markets V4 AMM,Dexs,Solana,,,,,
Beamex AMM,Dexs,Moonbeam,,,,,
Grizzly Trade AMM,Dexs,BSC,,,,,
BMX Classic AMM,Dexs,Base;Mode,,,,,
Blitz AMM,Dexs,Blast,,,,,
swap.coffee,DEX Aggregator,TON,0,0,0,,
Meme Cooking,Launchpad,Near,,,,,
Metavault AMM V2,Dexs,Linea;Scroll,,,,,
Quickswap Hydra,Dexs,Polygon zkEVM;Manta,,,,,
GraFun,Launchpad,BSC;Ethereum,0,0,0,,
Trado Spot,Dexs,Flow,0,0,0,,
MITTE,NftFi,Near,,,,,
Microchain,Dexs,Fuel Ignition,,,,,
Cables Finance,Dexs,Arbitrum;Avalanche,0,0,0,,
Rabbit Swap,Dexs,Viction,,,,,
Pearl V1.5,Dexs,re.al,,,,,
KYEX,Dexs,ZetaChain,0,0,0,,
ThalaSwap V2,Dexs,Aptos,,,,,
Molten V3,Dexs,CORE,0,1,20,,
Solar Dex,Dexs,Eclipse,,,,,
V12,Dexs,Fuel Ignition,,,,,
Shido Dex V2,Dexs,Shido,,,,,
SuperSwap V2,Dexs,OP Mainnet,0,0,0,,
SuperSwap V3,Dexs,OP Mainnet,0,0,0,,
Ocelex V1,Dexs,Zircuit,0,0,0,,
Ocelex V2,Dexs,Zircuit,0,0,1,,
Mach,DEX Aggregator,Polygon;Blast;opBNB;Scroll;Ethereum;BSC;Arbitrum;Mode;Mantle;Avalanche;Base;OP Mainnet;Celo,0,0,0,,
RFX Exchange V1,Derivatives,ZKsync Lite,,,,,
Catton,CDP,TON,,,,,
Catalist DEX,Dexs,Endurance,,,37,,
Hydrometer Finance,Dexs,Base,0,0,0,,
Wagmi Memepad,Launchpad,TON,,,,,
Taraswap,Dexs,Taraxa,,,,,
BigPump,Launchpad,TON,,,,,
Blum,Launchpad,TON,,,,,
Duality,Dexs,Neutron,,,,,
TON Pump,Telegram Bot,TON,,,,,
Hyperion,Dexs,Aptos,,,93338750,,
Holdstation Swap,Dexs,ZKsync Era;Berachain,0,2,27,,
UtyabSwap,Dexs,TON,,,,,
NEBY DEX,Dexs,Oasis Sapphire,,,,,
Mantis,Dexs,Solana;Ethereum,,,,,
Sonic Market AMM,Dexs,Sonic,,,,,
Sonic Market OrderBook,Dexs,Sonic,0,0,0,,
KongSwap,Dexs,ICP,,,,,
Elys DEX,Dexs,Elys,,,0,,
dappOS IntentEX,Dexs,opBNB,,,,,
Verus Market,Dexs,Verus,0,0,0,,
VinuNFT,NFT Marketplace,VinuChain,0,0,0,,
O.LAB,Prediction Market,Base,,,,,
InfinityPools,Derivatives,Base,0,0,0,,
ArtexSwap,Dexs,Artela,,,,,
NOXA,Dexs,Abstract,0,0,0,,
XPress Protocol,Dexs,Sonic,,,0,,
Bunni V2,Dexs,Ethereum;Arbitrum;Base;Unichain;BSC,0,0,0,,
waveX,Derivatives,Soneium,,,,,
Penumbra Dex,Dexs,Penumbra,,,,,
Beralis V3,Dexs,Berachain,,,,,
Mondrian Swap,Dexs,Abstract,0,0,0,,
Story Hunt,Dexs,Data Network,,,,,
Fibonacci Dex,Dexs,Form Network,,,,,
Wasabee,Dexs,Berachain,0,0,0,,
Degen Express,Launchpad,Sonic,0,0,0,,
Tea-Fi,Yield,Ethereum;Polygon,0,0,0,,
Puppyfun,Launchpad,BSC,,,0,,
Gacha Markets,Prediction Market,Abstract,,,,,
Umbra,Dexs,Eclipse,,,,,
JustBet,Luck Games,WINR,,,,,
Sandglass,Yield,Solana;Eclipse,,,,,
GooseFX V2,Dexs,Solana,,,,,
Interest Protocol Stable Swap,Dexs,Sui,,,,,
Razor DEX,Dexs,Movement,0,0,0,,
Interest Curve,Dexs,Sui;Movement,,,,,
Copump,Launchpad,Soneium;Scroll;Sonic;Linea;Celo;Sophon;Taiko;CORE;Morph,0,0,0,,
Titan Dex,Dexs,TON,,,,,
Sonicxswap,Dexs,Sonic,0,0,0,,
PepeTeam DEX,Dexs,Waves,0,0,0,,
Haven1 hSwap,Dexs,Haven1,,,,,
Swaps.io,Bridge,Ethereum;Base;BSC;OP Mainnet;Blast;Polygon;Avalanche;Arbitrum;Gnosis;Sonic,,,,,
UniDerp,Launchpad,Unichain,,,189,,
NEAR Intents,Cross Chain Bridge,Near,,305924559,2163735417,,
FastJPEG,Launchpad,Base,0,0,0,,
SMARDEX USDN,Basis Trading,Ethereum,0,106721,1657251,-100,
Permute,Bridge,Bitcoin;Ethereum;Tron;Solana;Avalanche;Arbitrum;Litecoin;Bitcoincash;BSC;Doge;Berachain,,,,,
Meteora DAMM V2,Dexs,Solana,,55359087,273123802,,
Oxium,Dexs,Sei,,,0,,
Volta Markets,Derivatives,CORE,0,0,0,,
Moai V2,Dexs,XRPL EVM,0,0,0,,
Moai V3,Dexs,XRPL EVM,0,0,1,,
Arch Swap,Dexs,Botanix,0,0,0,,
1776.MEME,Launchpad,Ethereum,0,0,0,,
EagleFi,Dexs,Massa,,,,,
YeiSwap,Dexs,Sei,0,0,2328,,
LiquidLaunch,Launchpad,Hyperliquid L1,0,2325,167464,-100,-100
Nexapia,Dexs,Flare,,,,,
Prophet.fun,Prediction Market,Solana,,,,,
Orca Wavebreak,Launchpad,Solana,0,1,4,,
Omni Exchange V2,Dexs,Base;BSC;Avalanche;Sonic;OP Mainnet;Arbitrum;Plasma,,,,,
Omni Exchange Flux,Dexs,Sonic;Avalanche;BSC;Arbitrum;OP Mainnet;Base;Plasma,,,,,
KuraSwap CL,Dexs,Sei,,,,,
KuraSwap Legacy,Dexs,Sei,,,,,
Earnium,Dexs,Aptos,,,,,
Aqua,Telegram Bot,Solana,,,,,
Heaven,Dexs,Solana,0,641,5650,-100,-100
OkieLaunch,Launchpad,X Layer,0,0,0,,
Upheaval V2,Dexs,Hyperliquid L1,,,,,
Mintiq Market,NFT Marketplace,XRPL EVM,0,0,0,,
Standard Protocol Somnia,Dexs,Somnia,0,0,0,,
SummitX Finance,Dexs,Camp Network,,,,,
Drip.Trade,NFT Marketplace,Hyperliquid L1,0,0,5026,,
WinnieSwap,Dexs,Berachain,,,,,
SpinUp Launchpad,Launchpad,Hyperliquid L1,0,0,37,,
OkieSwap Stableswap,Dexs,X Layer,0,0,0,,
ColorPool,Dexs,Chromia,,,,,
DyorSwap Launchpad,Launchpad,Plasma,0,0,0,,
Punk.Coffee,Prediction Market,BSC,0,0,0,,
Coinhain,Dexs,BSC,,,,,
Elix.fi,Dexs,Somnia,0,0,0,,
FlowSwap V2,Dexs,Flow,0,0,0,,
Shroomy Protocol Swap,Dexs,Ink,0,0,0,,
Kensei,Launchpad,Katana,0,0,0,,
PotatoSwap V3,Dexs,X Layer,0,0,0,,
Luna.fun,Launchpad,BSC,0,0,177,,
Rush,Telegram Bot,Solana,,,,,
Swyrl CL,Dexs,Monad,0,0,0,,
Swyrl Legacy,Dexs,Monad,0,0,0,,
Madness Finance,Dexs,Monad,0,0,0,,
Pinot V3,Dexs,Monad,0,223,11733,-100,-100
AethonSwap,Dexs,Monad,0,0,0,,
OctoSwap CL,Dexs,Monad,0,0,0,,
OctoSwap Classic,Dexs,Monad,0,0,0,,
HYPERSTITIONS,Prediction Market,Monad,0,0,0,,
Anome,NFT Marketplace,BSC,0,0,556,,-100
AlphaSec Spot,Dexs,AlphaSec,0,0,38993834,,
WarpX V2,Dexs,MegaETH,0,0,0,,
CurrentX V2,Dexs,MegaETH,0,0,0,,
Althea DEX,Dexs,Althea,0,0,34,,
RHEA Cross Chain,Cross Chain Bridge,Near,0,0,45424,,
Megaswap,Dexs,MegaETH,0,0,0,,
SomeSwap AMM,Dexs,Monad,,,,,
stabble CLMM,Dexs,Solana,,3117,29188,,
FlowBot Prediction,Interface,Polygon,,,4489,,
Juiceswap,Dexs,Citrea,0,5,184,,
Chapool,Physical TCG,opBNB,0,0,0,,
SecondSwap,OTC Marketplace,Ethereum;Avalanche,0,0,0,,
WarpX V3,Dexs,MegaETH,0,0,0,,
Holyheld Card,Crypto Card Issuer,Gnosis;Arbitrum;OP Mainnet;Polygon;Ethereum;Base;BSC;Avalanche;ZKsync Era,0,909658,3330883,,-100
CurrentX V3,Dexs,MegaETH,0,0,0,,
Fwog.fun,Launchpad,Solana,,,,,
Parity DEX,Dexs,Monad,0,0,0,,
TideSwap DEX,Dexs,Ink,0,0,0,,
evently,Prediction Market,MegaETH,0,0,0,,
Caliber,Dexs,Aptos,0,0,25347622,,
Velox DEX,Dexs,Base,0,0,0,,
Neony Exchange Spot,Dexs,Neony,0,0,1,,
PigeonHouse,Launchpad,Solana,0,0,0,,
QIEDex,Dexs,QIE,0,0,29252,,-100
Orbit Finance,Dexs,Solana,0,0,0,,
Lotto Run,Yield Lottery,Aptos,0,0,0,,
Virtus Protocol AMM,Dexs,Base,0,0,0,,
Rosetta,Yield Aggregator,Hyperliquid L1;Base,0,745482,3308869,,-100
Stable Swap V2,Dexs,Stable,0,0,0,,
Stable Swap V3,Dexs,Stable,0,0,165,,-100
Holoworld AI,Launchpad,BSC,0,0,0,,
FarmCats Market,NFT Marketplace,Tempo,0,0,0,,
BCSwap,Dexs,BCHyper,0,0,0,,
Wasabi Prop AMM,Dexs,Base,0,0,0,,
Saphyre RFQ,Dexs,Sei,,,93,,
Priority,Telegram Bot,MegaETH,0,0,0,,
FrenFlow,Prediction Market,Polygon,,,47519,,
Hashlock Markets,Dexs,Sui;Ethereum,0,0,5,,
Durianfun AMM,Dexs,KUB,0,0,0,,
Kiyotaka Prediction Market,Interface,Polygon,,,3555,,
Showdown,Gaming,MegaETH,0,0,0,,
Kublerx,Dexs,KUB,0,0,0,,
DTrade,Telegram Bot,TON,0,0,34,,
Uniswap Auctions,Launchpad,Ethereum;Unichain;Base;Arbitrum,0,0,0,,
PolyHelper Predictions,Interface,Polygon,,,64928419,,
Avici,Crypto Card Issuer,Ethereum,,,340523,,
Mercury,Gamified Mining,Hyperliquid L1,0,0,132830,,
Sendfun DEX,Dexs,Solana,0,0,0,,
Mintpad,NFT Marketplace,Cronos,0,28,135,,
Intrinsic,Dexs,Rootstock,0,0,0,,
HookOS,Launchpad,Ethereum;Base;BSC;Hyperliquid L1;MegaETH,0,457,730,,-100
Hyperlynx V2,Dexs,Hyperliquid L1,0,0,0,,
Fibo,Prediction Market,Base,0,977,14502,,-100
Overpass,Yield,Solana,0,1246820,5630661,-100,-100
