code,name,bucket,sector,group
A,Agilent Technologies,core,Life Sciences Tools & Services,ヘルスケア
AAPL,Apple Inc.,core,"Technology Hardware, Storage & Peripherals",情報技術
ABBV,AbbVie,core,Biotechnology,ヘルスケア
ABNB,Airbnb,core,"Hotels, Resorts & Cruise Lines",一般消費財
ABT,Abbott Laboratories,core,Health Care Equipment,ヘルスケア
ACGL,Arch Capital Group,core,Property & Casualty Insurance,金融
ACN,Accenture,core,IT Consulting & Other Services,情報技術
ADBE,Adobe Inc.,core,Application Software,情報技術
ADI,Analog Devices,core,Semiconductors,情報技術
ADM,Archer Daniels Midland,core,Agricultural Products & Services,生活必需品
ADP,Automatic Data Processing,core,Human Resource & Employment Services,資本財
ADSK,Autodesk,core,Application Software,情報技術
AEE,Ameren,core,Multi-Utilities,公益事業
AEP,American Electric Power,core,Electric Utilities,公益事業
AES,AES Corporation,core,Independent Power Producers & Energy Traders,公益事業
AFL,Aflac,core,Life & Health Insurance,金融
AIG,American International Group,core,Multi-line Insurance,金融
AIZ,Assurant,core,Multi-line Insurance,金融
AJG,Arthur J. Gallagher & Co.,core,Insurance Brokers,金融
AKAM,Akamai Technologies,core,Internet Services & Infrastructure,情報技術
ALB,Albemarle Corporation,core,Specialty Chemicals,素材
ALGN,Align Technology,core,Health Care Supplies,ヘルスケア
ALL,Allstate,core,Property & Casualty Insurance,金融
ALLE,Allegion,core,Building Products,資本財
AMAT,Applied Materials,core,Semiconductor Materials & Equipment,情報技術
AMCR,Amcor,core,Paper & Plastic Packaging Products & Materials,素材
AMD,Advanced Micro Devices,core,Semiconductors,情報技術
AME,Ametek,core,Electrical Components & Equipment,資本財
AMGN,Amgen,core,Biotechnology,ヘルスケア
AMP,Ameriprise Financial,core,Asset Management & Custody Banks,金融
AMT,American Tower,core,Telecom Tower REITs,不動産
AMZN,Amazon,core,Broadline Retail,一般消費財
ANET,Arista Networks,core,Communications Equipment,情報技術
AON,Aon plc,core,Insurance Brokers,金融
AOS,A. O. Smith,core,Building Products,資本財
APA,APA Corporation,core,Oil & Gas Exploration & Production,エネルギー
APD,Air Products,core,Industrial Gases,素材
APH,Amphenol,core,Electronic Components,情報技術
APO,Apollo Global Management,core,Asset Management & Custody Banks,金融
APP,AppLovin,core,Application Software,情報技術
APTV,Aptiv,core,Automotive Parts & Equipment,一般消費財
ARE,Alexandria Real Estate Equities,core,Office REITs,不動産
ARES,Ares Management,core,Asset Management & Custody Banks,金融
ATO,Atmos Energy,core,Gas Utilities,公益事業
AVB,AvalonBay Communities,core,Multi-Family Residential REITs,不動産
AVGO,Broadcom,core,Semiconductors,情報技術
AVY,Avery Dennison,core,Paper & Plastic Packaging Products & Materials,素材
AWK,American Water Works,core,Water Utilities,公益事業
AXON,Axon Enterprise,core,Aerospace & Defense,資本財
AXP,American Express,core,Consumer Finance,金融
AZO,AutoZone,core,Automotive Retail,一般消費財
BA,Boeing,core,Aerospace & Defense,資本財
BAC,Bank of America,core,Diversified Banks,金融
BALL,Ball Corporation,core,"Metal, Glass & Plastic Containers",素材
BAX,Baxter International,core,Health Care Equipment,ヘルスケア
BBY,Best Buy,core,Computer & Electronics Retail,一般消費財
BDX,Becton Dickinson,core,Health Care Equipment,ヘルスケア
BEN,Franklin Resources,core,Asset Management & Custody Banks,金融
BF-B,Brown–Forman,core,Distillers & Vintners,生活必需品
BG,Bunge Global,core,Agricultural Products & Services,生活必需品
BIIB,Biogen,core,Biotechnology,ヘルスケア
BKNG,Booking Holdings,core,"Hotels, Resorts & Cruise Lines",一般消費財
BKR,Baker Hughes,core,Oil & Gas Equipment & Services,エネルギー
BLDR,Builders FirstSource,core,Building Products,資本財
BLK,BlackRock,core,Asset Management & Custody Banks,金融
BMY,Bristol Myers Squibb,core,Pharmaceuticals,ヘルスケア
BNY,BNY Mellon,core,Asset Management & Custody Banks,金融
BR,Broadridge Financial Solutions,core,Data Processing & Outsourced Services,資本財
BRK-B,Berkshire Hathaway,core,Multi-Sector Holdings,金融
BRO,Brown & Brown,core,Insurance Brokers,金融
BSX,Boston Scientific,core,Health Care Equipment,ヘルスケア
BX,Blackstone Inc.,core,Asset Management & Custody Banks,金融
BXP,"BXP, Inc.",core,Office REITs,不動産
C,Citigroup,core,Diversified Banks,金融
CAH,Cardinal Health,core,Health Care Distributors,ヘルスケア
CARR,Carrier Global,core,Building Products,資本財
CASY,Casey's,core,Food Retail,生活必需品
CAT,Caterpillar Inc.,core,Construction Machinery & Heavy Transportation Equipment,資本財
CB,Chubb Limited,core,Property & Casualty Insurance,金融
CBOE,Cboe Global Markets,core,Financial Exchanges & Data,金融
CBRE,CBRE Group,core,Real Estate Services,不動産
CCI,Crown Castle,core,Telecom Tower REITs,不動産
CCL,Carnival Corporation,core,"Hotels, Resorts & Cruise Lines",一般消費財
CDNS,Cadence Design Systems,core,Application Software,情報技術
CDW,CDW Corporation,core,Technology Distributors,情報技術
CEG,Constellation Energy,core,Electric Utilities,公益事業
CF,CF Industries,core,Fertilizers & Agricultural Chemicals,素材
CFG,Citizens Financial Group,core,Regional Banks,金融
CHD,Church & Dwight,core,Household Products,生活必需品
CHRW,C.H. Robinson,core,Air Freight & Logistics,資本財
CHTR,Charter Communications,core,Cable & Satellite,コミュニケーション・サービス
CI,Cigna,core,Health Care Services,ヘルスケア
CIEN,Ciena,core,Communications Equipment,情報技術
CINF,Cincinnati Financial,core,Property & Casualty Insurance,金融
CL,Colgate-Palmolive,core,Household Products,生活必需品
CLX,Clorox,core,Household Products,生活必需品
CMCSA,Comcast,core,Cable & Satellite,コミュニケーション・サービス
CME,CME Group,core,Financial Exchanges & Data,金融
CMG,Chipotle Mexican Grill,core,Restaurants,一般消費財
CMI,Cummins,core,Construction Machinery & Heavy Transportation Equipment,資本財
CMS,CMS Energy,core,Multi-Utilities,公益事業
CNC,Centene Corporation,core,Managed Health Care,ヘルスケア
CNP,CenterPoint Energy,core,Multi-Utilities,公益事業
COF,Capital One,core,Consumer Finance,金融
COHR,Coherent Corp.,core,Electronic Components,情報技術
COIN,Coinbase,core,Financial Exchanges & Data,金融
COO,Cooper Companies (The),core,Health Care Supplies,ヘルスケア
COP,ConocoPhillips,core,Oil & Gas Exploration & Production,エネルギー
COR,Cencora,core,Health Care Distributors,ヘルスケア
COST,Costco,core,Consumer Staples Merchandise Retail,生活必需品
CPAY,Corpay,core,Transaction & Payment Processing Services,金融
CPRT,Copart,core,Diversified Support Services,資本財
CPT,Camden Property Trust,core,Multi-Family Residential REITs,不動産
CRH,CRH plc,core,Construction Materials,素材
CRL,Charles River Laboratories,core,Life Sciences Tools & Services,ヘルスケア
CRM,Salesforce,core,Application Software,情報技術
CRWD,CrowdStrike,core,Systems Software,情報技術
CSCO,Cisco,core,Communications Equipment,情報技術
CSGP,CoStar Group,core,Real Estate Services,不動産
CSX,CSX Corporation,core,Rail Transportation,資本財
CTAS,Cintas,core,Diversified Support Services,資本財
CTSH,Cognizant,core,IT Consulting & Other Services,情報技術
CTVA,Corteva,core,Fertilizers & Agricultural Chemicals,素材
CVNA,Carvana,core,Automotive Retail,一般消費財
CVS,CVS Health,core,Health Care Services,ヘルスケア
CVX,Chevron Corporation,core,Integrated Oil & Gas,エネルギー
D,Dominion Energy,core,Multi-Utilities,公益事業
DAL,Delta Air Lines,core,Passenger Airlines,資本財
DASH,DoorDash,core,Specialized Consumer Services,一般消費財
DD,DuPont,core,Specialty Chemicals,素材
DDOG,Datadog,core,Application Software,情報技術
DE,Deere & Company,core,Agricultural & Farm Machinery,資本財
DECK,Deckers Brands,core,Footwear,一般消費財
DELL,Dell Technologies,core,"Technology Hardware, Storage & Peripherals",情報技術
DG,Dollar General,core,Consumer Staples Merchandise Retail,生活必需品
DGX,Quest Diagnostics,core,Health Care Services,ヘルスケア
DHI,D. R. Horton,core,Homebuilding,一般消費財
DHR,Danaher Corporation,core,Life Sciences Tools & Services,ヘルスケア
DIS,Walt Disney Company (The),core,Movies & Entertainment,コミュニケーション・サービス
DLR,Digital Realty,core,Data Center REITs,不動産
DLTR,Dollar Tree,core,Consumer Staples Merchandise Retail,生活必需品
DOC,Healthpeak Properties,core,Health Care REITs,不動産
DOV,Dover Corporation,core,Industrial Machinery & Supplies & Components,資本財
DOW,Dow Inc.,core,Commodity Chemicals,素材
DPZ,Domino's,core,Restaurants,一般消費財
DRI,Darden Restaurants,core,Restaurants,一般消費財
DTE,DTE Energy,core,Multi-Utilities,公益事業
DUK,Duke Energy,core,Electric Utilities,公益事業
DVA,DaVita,core,Health Care Services,ヘルスケア
DVN,Devon Energy,core,Oil & Gas Exploration & Production,エネルギー
DXCM,Dexcom,core,Health Care Equipment,ヘルスケア
EA,Electronic Arts,core,Interactive Home Entertainment,コミュニケーション・サービス
EBAY,eBay Inc.,core,Broadline Retail,一般消費財
ECHO,EchoStar,core,Wireless Telecommunication Services,コミュニケーション・サービス
ECL,Ecolab,core,Specialty Chemicals,素材
ED,Consolidated Edison,core,Multi-Utilities,公益事業
EFX,Equifax,core,Research & Consulting Services,資本財
EG,Everest Group,core,Reinsurance,金融
EIX,Edison International,core,Electric Utilities,公益事業
EL,Estée Lauder Companies (The),core,Personal Care Products,生活必需品
ELV,Elevance Health,core,Managed Health Care,ヘルスケア
EME,Emcor,core,Construction & Engineering,資本財
EMR,Emerson Electric,core,Electrical Components & Equipment,資本財
EOG,EOG Resources,core,Oil & Gas Exploration & Production,エネルギー
EQIX,Equinix,core,Data Center REITs,不動産
EQR,Equity Residential,core,Multi-Family Residential REITs,不動産
EQT,EQT Corporation,core,Oil & Gas Exploration & Production,エネルギー
ERIE,Erie Indemnity,core,Insurance Brokers,金融
ES,Eversource Energy,core,Electric Utilities,公益事業
ESS,Essex Property Trust,core,Multi-Family Residential REITs,不動産
ETN,Eaton Corporation,core,Electrical Components & Equipment,資本財
ETR,Entergy,core,Electric Utilities,公益事業
EVRG,Evergy,core,Electric Utilities,公益事業
EW,Edwards Lifesciences,core,Health Care Equipment,ヘルスケア
EXC,Exelon,core,Electric Utilities,公益事業
EXE,Expand Energy,core,Oil & Gas Exploration & Production,エネルギー
EXPD,Expeditors International,core,Air Freight & Logistics,資本財
EXPE,Expedia Group,core,"Hotels, Resorts & Cruise Lines",一般消費財
EXR,Extra Space Storage,core,Self-Storage REITs,不動産
F,Ford Motor Company,core,Automobile Manufacturers,一般消費財
FANG,Diamondback Energy,core,Oil & Gas Exploration & Production,エネルギー
FAST,Fastenal,core,Trading Companies & Distributors,資本財
FCX,Freeport-McMoRan,core,Copper,素材
FDS,FactSet,core,Financial Exchanges & Data,金融
FDX,FedEx,core,Air Freight & Logistics,資本財
FDXF,FedEx Freight,core,Cargo Ground Transportation,資本財
FE,FirstEnergy,core,Electric Utilities,公益事業
FFIV,"F5, Inc.",core,Communications Equipment,情報技術
FICO,Fair Isaac,core,Application Software,情報技術
FIS,Fidelity National Information Services,core,Transaction & Payment Processing Services,金融
FISV,Fiserv,core,Transaction & Payment Processing Services,金融
FITB,Fifth Third Bancorp,core,Regional Banks,金融
FIX,Comfort Systems USA,core,Construction & Engineering,資本財
FLEX,Flex Ltd.,core,Electronic Manufacturing Services,情報技術
FOX,Fox Corporation (Class B),core,Broadcasting,コミュニケーション・サービス
FOXA,Fox Corporation (Class A),core,Broadcasting,コミュニケーション・サービス
FRT,Federal Realty Investment Trust,core,Retail REITs,不動産
FSLR,First Solar,core,Semiconductors,情報技術
FTNT,Fortinet,core,Systems Software,情報技術
FTV,Fortive,core,Industrial Machinery & Supplies & Components,資本財
GD,General Dynamics,core,Aerospace & Defense,資本財
GDDY,GoDaddy,core,Internet Services & Infrastructure,情報技術
GE,GE Aerospace,core,Aerospace & Defense,資本財
GEHC,GE HealthCare,core,Health Care Equipment,ヘルスケア
GEN,Gen Digital,core,Systems Software,情報技術
GEV,GE Vernova,core,Heavy Electrical Equipment,資本財
GILD,Gilead Sciences,core,Biotechnology,ヘルスケア
GIS,General Mills,core,Packaged Foods & Meats,生活必需品
GL,Globe Life,core,Life & Health Insurance,金融
GLW,Corning Inc.,core,Electronic Components,情報技術
GM,General Motors,core,Automobile Manufacturers,一般消費財
GNRC,Generac,core,Heavy Electrical Equipment,資本財
GOOG,Alphabet Inc. (Class C),core,Interactive Media & Services,コミュニケーション・サービス
GOOGL,Alphabet Inc. (Class A),core,Interactive Media & Services,コミュニケーション・サービス
GPC,Genuine Parts Company,core,Distributors,一般消費財
GPN,Global Payments,core,Transaction & Payment Processing Services,金融
GRMN,Garmin,core,Consumer Electronics,一般消費財
GS,Goldman Sachs,core,Investment Banking & Brokerage,金融
GWW,W. W. Grainger,core,Industrial Machinery & Supplies & Components,資本財
HAL,Halliburton,core,Oil & Gas Equipment & Services,エネルギー
HAS,Hasbro,core,Leisure Products,一般消費財
HBAN,Huntington Bancshares,core,Regional Banks,金融
HCA,HCA Healthcare,core,Health Care Facilities,ヘルスケア
HD,Home Depot (The),core,Home Improvement Retail,一般消費財
HIG,Hartford (The),core,Property & Casualty Insurance,金融
HII,Huntington Ingalls Industries,core,Aerospace & Defense,資本財
HLT,Hilton Worldwide,core,"Hotels, Resorts & Cruise Lines",一般消費財
HON,Honeywell Technologies,core,Industrial Conglomerates,資本財
HONA,Honeywell Aerospace,core,Aerospace & Defense,資本財
HOOD,Robinhood Markets,core,Investment Banking & Brokerage,金融
HPE,Hewlett Packard Enterprise,core,"Technology Hardware, Storage & Peripherals",情報技術
HPQ,HP Inc.,core,"Technology Hardware, Storage & Peripherals",情報技術
HRL,Hormel Foods,core,Packaged Foods & Meats,生活必需品
HSIC,Henry Schein,core,Health Care Distributors,ヘルスケア
HST,Host Hotels & Resorts,core,Hotel & Resort REITs,不動産
HSY,Hershey Company (The),core,Packaged Foods & Meats,生活必需品
HUBB,Hubbell Incorporated,core,Industrial Machinery & Supplies & Components,資本財
HUM,Humana,core,Managed Health Care,ヘルスケア
HWM,Howmet Aerospace,core,Aerospace & Defense,資本財
IBKR,Interactive Brokers,core,Investment Banking & Brokerage,金融
IBM,IBM,core,IT Consulting & Other Services,情報技術
ICE,Intercontinental Exchange,core,Financial Exchanges & Data,金融
IDXX,Idexx Laboratories,core,Health Care Equipment,ヘルスケア
IEX,IDEX Corporation,core,Industrial Machinery & Supplies & Components,資本財
IFF,International Flavors & Fragrances,core,Specialty Chemicals,素材
INCY,Incyte,core,Biotechnology,ヘルスケア
INTC,Intel,core,Semiconductors,情報技術
INTU,Intuit,core,Application Software,情報技術
INVH,Invitation Homes,core,Single-Family Residential REITs,不動産
IP,International Paper,core,Paper & Plastic Packaging Products & Materials,素材
IQV,IQVIA,core,Life Sciences Tools & Services,ヘルスケア
IR,Ingersoll Rand,core,Industrial Machinery & Supplies & Components,資本財
IRM,Iron Mountain,core,Other Specialized REITs,不動産
ISRG,Intuitive Surgical,core,Health Care Equipment,ヘルスケア
IT,Gartner,core,IT Consulting & Other Services,情報技術
ITW,Illinois Tool Works,core,Industrial Machinery & Supplies & Components,資本財
IVZ,Invesco,core,Asset Management & Custody Banks,金融
J,Jacobs Solutions,core,Construction & Engineering,資本財
JBHT,J.B. Hunt,core,Cargo Ground Transportation,資本財
JBL,Jabil,core,Electronic Manufacturing Services,情報技術
JCI,Johnson Controls,core,Building Products,資本財
JKHY,Jack Henry & Associates,core,Transaction & Payment Processing Services,金融
JNJ,Johnson & Johnson,core,Pharmaceuticals,ヘルスケア
JPM,JPMorgan Chase,core,Diversified Banks,金融
KDP,Keurig Dr Pepper,core,Soft Drinks & Non-alcoholic Beverages,生活必需品
KEY,KeyCorp,core,Regional Banks,金融
KEYS,Keysight Technologies,core,Electronic Equipment & Instruments,情報技術
KHC,Kraft Heinz,core,Packaged Foods & Meats,生活必需品
KIM,Kimco Realty,core,Retail REITs,不動産
KKR,KKR & Co.,core,Asset Management & Custody Banks,金融
KLAC,KLA Corporation,core,Semiconductor Materials & Equipment,情報技術
KMB,Kimberly-Clark,core,Household Products,生活必需品
KMI,Kinder Morgan,core,Oil & Gas Storage & Transportation,エネルギー
KO,Coca-Cola Company (The),core,Soft Drinks & Non-alcoholic Beverages,生活必需品
KR,Kroger,core,Food Retail,生活必需品
KVUE,Kenvue,core,Personal Care Products,生活必需品
L,Loews Corporation,core,Multi-line Insurance,金融
LDOS,Leidos,core,Diversified Support Services,資本財
LEN,Lennar,core,Homebuilding,一般消費財
LH,Labcorp,core,Health Care Services,ヘルスケア
LHX,L3Harris,core,Aerospace & Defense,資本財
LII,Lennox International,core,Building Products,資本財
LIN,Linde plc,core,Industrial Gases,素材
LITE,Lumentum,core,Communications Equipment,情報技術
LLY,Lilly (Eli),core,Pharmaceuticals,ヘルスケア
LMT,Lockheed Martin,core,Aerospace & Defense,資本財
LNT,Alliant Energy,core,Electric Utilities,公益事業
LOW,Lowe's,core,Home Improvement Retail,一般消費財
LRCX,Lam Research,core,Semiconductor Materials & Equipment,情報技術
LULU,Lululemon Athletica,core,"Apparel, Accessories & Luxury Goods",一般消費財
LUV,Southwest Airlines,core,Passenger Airlines,資本財
LVS,Las Vegas Sands,core,Casinos & Gaming,一般消費財
LYB,LyondellBasell,core,Specialty Chemicals,素材
LYV,Live Nation Entertainment,core,Movies & Entertainment,コミュニケーション・サービス
MA,Mastercard,core,Transaction & Payment Processing Services,金融
MAA,Mid-America Apartment Communities,core,Multi-Family Residential REITs,不動産
MAR,Marriott International,core,"Hotels, Resorts & Cruise Lines",一般消費財
MAS,Masco,core,Building Products,資本財
MCD,McDonald's,core,Restaurants,一般消費財
MCHP,Microchip Technology,core,Semiconductors,情報技術
MCK,McKesson Corporation,core,Health Care Distributors,ヘルスケア
MCO,Moody's Corporation,core,Financial Exchanges & Data,金融
MDLZ,Mondelez International,core,Packaged Foods & Meats,生活必需品
MDT,Medtronic,core,Health Care Equipment,ヘルスケア
MET,MetLife,core,Life & Health Insurance,金融
META,Meta Platforms,core,Interactive Media & Services,コミュニケーション・サービス
MGM,MGM Resorts,core,Casinos & Gaming,一般消費財
MKC,McCormick & Company,core,Packaged Foods & Meats,生活必需品
MLM,Martin Marietta Materials,core,Construction Materials,素材
MMM,3M,core,Industrial Conglomerates,資本財
MNST,Monster Beverage,core,Soft Drinks & Non-alcoholic Beverages,生活必需品
MO,Altria,core,Tobacco,生活必需品
MOS,Mosaic Company (The),core,Fertilizers & Agricultural Chemicals,素材
MPC,Marathon Petroleum,core,Oil & Gas Refining & Marketing,エネルギー
MPWR,Monolithic Power Systems,core,Semiconductors,情報技術
MRK,Merck & Co.,core,Pharmaceuticals,ヘルスケア
MRNA,Moderna,core,Biotechnology,ヘルスケア
MRSH,Marsh McLennan,core,Insurance Brokers,金融
MRVL,Marvell Technology,core,Semiconductors,情報技術
MS,Morgan Stanley,core,Investment Banking & Brokerage,金融
MSCI,MSCI Inc.,core,Financial Exchanges & Data,金融
MSFT,Microsoft,core,Systems Software,情報技術
MSI,Motorola Solutions,core,Communications Equipment,情報技術
MTB,M&T Bank,core,Regional Banks,金融
MTD,Mettler Toledo,core,Life Sciences Tools & Services,ヘルスケア
MU,Micron Technology,core,Semiconductors,情報技術
NCLH,Norwegian Cruise Line Holdings,core,"Hotels, Resorts & Cruise Lines",一般消費財
NDAQ,"Nasdaq, Inc.",core,Financial Exchanges & Data,金融
NDSN,Nordson Corporation,core,Industrial Machinery & Supplies & Components,資本財
NEE,NextEra Energy,core,Multi-Utilities,公益事業
NEM,Newmont,core,Gold,素材
NFLX,Netflix,core,Movies & Entertainment,コミュニケーション・サービス
NI,NiSource,core,Multi-Utilities,公益事業
NKE,"Nike, Inc.",core,"Apparel, Accessories & Luxury Goods",一般消費財
NOC,Northrop Grumman,core,Aerospace & Defense,資本財
NOW,ServiceNow,core,Systems Software,情報技術
NRG,NRG Energy,core,Independent Power Producers & Energy Traders,公益事業
NSC,Norfolk Southern,core,Rail Transportation,資本財
NTAP,NetApp,core,"Technology Hardware, Storage & Peripherals",情報技術
NTRS,Northern Trust,core,Asset Management & Custody Banks,金融
NUE,Nucor,core,Steel,素材
NVDA,Nvidia,core,Semiconductors,情報技術
NVR,"NVR, Inc.",core,Homebuilding,一般消費財
NWS,News Corp (Class B),core,Publishing,コミュニケーション・サービス
NWSA,News Corp (Class A),core,Publishing,コミュニケーション・サービス
NXPI,NXP Semiconductors,core,Semiconductors,情報技術
O,Realty Income,core,Retail REITs,不動産
ODFL,Old Dominion,core,Cargo Ground Transportation,資本財
OKE,Oneok,core,Oil & Gas Storage & Transportation,エネルギー
OMC,Omnicom Group,core,Advertising,コミュニケーション・サービス
ON,ON Semiconductor,core,Semiconductors,情報技術
ORCL,Oracle Corporation,core,Application Software,情報技術
ORLY,O’Reilly Automotive,core,Automotive Retail,一般消費財
OTIS,Otis Worldwide,core,Industrial Machinery & Supplies & Components,資本財
OXY,Occidental Petroleum,core,Oil & Gas Exploration & Production,エネルギー
PANW,Palo Alto Networks,core,Systems Software,情報技術
PAYX,Paychex,core,Human Resource & Employment Services,資本財
PCAR,Paccar,core,Construction Machinery & Heavy Transportation Equipment,資本財
PCG,PG&E Corporation,core,Multi-Utilities,公益事業
PEG,Public Service Enterprise Group,core,Electric Utilities,公益事業
PEP,PepsiCo,core,Soft Drinks & Non-alcoholic Beverages,生活必需品
PFE,Pfizer,core,Pharmaceuticals,ヘルスケア
PFG,Principal Financial Group,core,Life & Health Insurance,金融
PG,Procter & Gamble,core,Personal Care Products,生活必需品
PGR,Progressive Corporation,core,Property & Casualty Insurance,金融
PH,Parker Hannifin,core,Industrial Machinery & Supplies & Components,資本財
PHM,PulteGroup,core,Homebuilding,一般消費財
PKG,Packaging Corporation of America,core,Paper & Plastic Packaging Products & Materials,素材
PLD,Prologis,core,Industrial REITs,不動産
PLTR,Palantir Technologies,core,Application Software,情報技術
PM,Philip Morris International,core,Tobacco,生活必需品
PNC,PNC Financial Services,core,Diversified Banks,金融
PNR,Pentair,core,Industrial Machinery & Supplies & Components,資本財
PNW,Pinnacle West Capital,core,Multi-Utilities,公益事業
PODD,Insulet Corporation,core,Health Care Equipment,ヘルスケア
PPG,PPG Industries,core,Specialty Chemicals,素材
PPL,PPL Corporation,core,Electric Utilities,公益事業
PRU,Prudential Financial,core,Life & Health Insurance,金融
PSA,Public Storage,core,Self-Storage REITs,不動産
PSKY,Paramount Skydance Corporation,core,Movies & Entertainment,コミュニケーション・サービス
PSX,Phillips 66,core,Oil & Gas Refining & Marketing,エネルギー
PTC,PTC Inc.,core,Application Software,情報技術
PWR,Quanta Services,core,Construction & Engineering,資本財
PYPL,PayPal,core,Transaction & Payment Processing Services,金融
Q,Qnity Electronics,core,Semiconductor Materials & Equipment,情報技術
QCOM,Qualcomm,core,Semiconductors,情報技術
RCL,Royal Caribbean Group,core,"Hotels, Resorts & Cruise Lines",一般消費財
REG,Regency Centers,core,Retail REITs,不動産
REGN,Regeneron Pharmaceuticals,core,Biotechnology,ヘルスケア
RF,Regions Financial Corporation,core,Regional Banks,金融
RJF,Raymond James Financial,core,Investment Banking & Brokerage,金融
RL,Ralph Lauren Corporation,core,"Apparel, Accessories & Luxury Goods",一般消費財
RMD,ResMed,core,Health Care Equipment,ヘルスケア
ROK,Rockwell Automation,core,Electrical Components & Equipment,資本財
ROL,"Rollins, Inc.",core,Environmental & Facilities Services,資本財
ROP,Roper Technologies,core,Electronic Equipment & Instruments,情報技術
ROST,Ross Stores,core,Apparel Retail,一般消費財
RSG,Republic Services,core,Environmental & Facilities Services,資本財
RTX,RTX Corporation,core,Aerospace & Defense,資本財
RVTY,Revvity,core,Health Care Equipment,ヘルスケア
SBAC,SBA Communications,core,Telecom Tower REITs,不動産
SBUX,Starbucks,core,Restaurants,一般消費財
SCHW,Charles Schwab Corporation,core,Investment Banking & Brokerage,金融
SHW,Sherwin-Williams,core,Specialty Chemicals,素材
SJM,J.M. Smucker Company (The),core,Packaged Foods & Meats,生活必需品
SLB,Schlumberger,core,Oil & Gas Equipment & Services,エネルギー
SMCI,Supermicro,core,"Technology Hardware, Storage & Peripherals",情報技術
SNA,Snap-on,core,Industrial Machinery & Supplies & Components,資本財
SNDK,Sandisk,core,"Technology Hardware, Storage & Peripherals",情報技術
SNPS,Synopsys,core,Application Software,情報技術
SO,Southern Company,core,Electric Utilities,公益事業
SOLV,Solventum,core,Health Care Technology,ヘルスケア
SPG,Simon Property Group,core,Retail REITs,不動産
SPGI,S&P Global,core,Financial Exchanges & Data,金融
SRE,Sempra,core,Multi-Utilities,公益事業
STE,Steris,core,Health Care Equipment,ヘルスケア
STLD,Steel Dynamics,core,Steel,素材
STT,State Street Corporation,core,Asset Management & Custody Banks,金融
STX,Seagate Technology,core,"Technology Hardware, Storage & Peripherals",情報技術
STZ,Constellation Brands,core,Distillers & Vintners,生活必需品
SW,Smurfit Westrock,core,Paper & Plastic Packaging Products & Materials,素材
SWK,Stanley Black & Decker,core,Industrial Machinery & Supplies & Components,資本財
SWKS,Skyworks Solutions,core,Semiconductors,情報技術
SYF,Synchrony Financial,core,Consumer Finance,金融
SYK,Stryker Corporation,core,Health Care Equipment,ヘルスケア
SYY,Sysco,core,Food Distributors,生活必需品
T,AT&T,core,Integrated Telecommunication Services,コミュニケーション・サービス
TAP,Molson Coors Beverage Company,core,Brewers,生活必需品
TDG,TransDigm Group,core,Aerospace & Defense,資本財
TDY,Teledyne Technologies,core,Electronic Equipment & Instruments,情報技術
TECH,Bio-Techne,core,Life Sciences Tools & Services,ヘルスケア
TEL,TE Connectivity,core,Electronic Manufacturing Services,情報技術
TER,Teradyne,core,Semiconductor Materials & Equipment,情報技術
TFC,Truist Financial,core,Diversified Banks,金融
TGT,Target Corporation,core,Consumer Staples Merchandise Retail,生活必需品
TJX,TJX Companies,core,Apparel Retail,一般消費財
TKO,TKO Group Holdings,core,Movies & Entertainment,コミュニケーション・サービス
TMO,Thermo Fisher Scientific,core,Life Sciences Tools & Services,ヘルスケア
TMUS,T-Mobile US,core,Wireless Telecommunication Services,コミュニケーション・サービス
TPL,Texas Pacific Land Corporation,core,Oil & Gas Exploration & Production,エネルギー
TPR,"Tapestry, Inc.",core,"Apparel, Accessories & Luxury Goods",一般消費財
TRGP,Targa Resources,core,Oil & Gas Storage & Transportation,エネルギー
TRMB,Trimble Inc.,core,Application Software,情報技術
TROW,T. Rowe Price,core,Asset Management & Custody Banks,金融
TRV,Travelers Companies (The),core,Property & Casualty Insurance,金融
TSCO,Tractor Supply,core,Other Specialty Retail,一般消費財
TSLA,"Tesla, Inc.",core,Automobile Manufacturers,一般消費財
TSN,Tyson Foods,core,Packaged Foods & Meats,生活必需品
TT,Trane Technologies,core,Building Products,資本財
TTD,Trade Desk (The),core,Advertising,コミュニケーション・サービス
TTWO,Take-Two Interactive,core,Interactive Home Entertainment,コミュニケーション・サービス
TXN,Texas Instruments,core,Semiconductors,情報技術
TXT,Textron,core,Aerospace & Defense,資本財
TYL,Tyler Technologies,core,Application Software,情報技術
UAL,United Airlines Holdings,core,Passenger Airlines,資本財
UBER,Uber,core,Passenger Ground Transportation,資本財
UDR,"UDR, Inc.",core,Multi-Family Residential REITs,不動産
UHS,Universal Health Services,core,Health Care Facilities,ヘルスケア
ULTA,Ulta Beauty,core,Other Specialty Retail,一般消費財
UNH,UnitedHealth Group,core,Managed Health Care,ヘルスケア
UNP,Union Pacific Corporation,core,Rail Transportation,資本財
UPS,United Parcel Service,core,Air Freight & Logistics,資本財
URI,United Rentals,core,Trading Companies & Distributors,資本財
USB,U.S. Bancorp,core,Diversified Banks,金融
V,Visa Inc.,core,Transaction & Payment Processing Services,金融
VEEV,Veeva Systems,core,Health Care Technology,ヘルスケア
VICI,Vici Properties,core,Hotel & Resort REITs,不動産
VLO,Valero Energy,core,Oil & Gas Refining & Marketing,エネルギー
VLTO,Veralto,core,Environmental & Facilities Services,資本財
VMC,Vulcan Materials Company,core,Construction Materials,素材
VRSK,Verisk Analytics,core,Research & Consulting Services,資本財
VRSN,Verisign,core,Internet Services & Infrastructure,情報技術
VRT,Vertiv,core,Electrical Components & Equipment,資本財
VRTX,Vertex Pharmaceuticals,core,Biotechnology,ヘルスケア
VST,Vistra Corp.,core,Electric Utilities,公益事業
VTR,Ventas,core,Health Care REITs,不動産
VTRS,Viatris,core,Pharmaceuticals,ヘルスケア
VZ,Verizon,core,Integrated Telecommunication Services,コミュニケーション・サービス
WAB,Wabtec,core,Construction Machinery & Heavy Transportation Equipment,資本財
WAT,Waters Corporation,core,Life Sciences Tools & Services,ヘルスケア
WBD,Warner Bros. Discovery,core,Broadcasting,コミュニケーション・サービス
WDAY,"Workday, Inc.",core,Application Software,情報技術
WDC,Western Digital,core,"Technology Hardware, Storage & Peripherals",情報技術
WEC,WEC Energy Group,core,Electric Utilities,公益事業
WELL,Welltower,core,Health Care REITs,不動産
WFC,Wells Fargo,core,Diversified Banks,金融
WM,Waste Management,core,Environmental & Facilities Services,資本財
WMB,Williams Companies,core,Oil & Gas Storage & Transportation,エネルギー
WMT,Walmart,core,Consumer Staples Merchandise Retail,生活必需品
WRB,W. R. Berkley Corporation,core,Property & Casualty Insurance,金融
WSM,"Williams-Sonoma, Inc.",core,Homefurnishing Retail,一般消費財
WST,West Pharmaceutical Services,core,Health Care Supplies,ヘルスケア
WTW,Willis Towers Watson,core,Insurance Brokers,金融
WY,Weyerhaeuser,core,Timber REITs,不動産
WYNN,Wynn Resorts,core,Casinos & Gaming,一般消費財
XEL,Xcel Energy,core,Multi-Utilities,公益事業
XOM,ExxonMobil,core,Integrated Oil & Gas,エネルギー
XYL,Xylem Inc.,core,Industrial Machinery & Supplies & Components,資本財
XYZ,"Block, Inc.",core,Transaction & Payment Processing Services,金融
YUM,Yum! Brands,core,Restaurants,一般消費財
ZBH,Zimmer Biomet,core,Health Care Equipment,ヘルスケア
ZBRA,Zebra Technologies,core,Electronic Equipment & Instruments,情報技術
ZTS,Zoetis,core,Pharmaceuticals,ヘルスケア
AAL,"American Airlines Group, Inc.",hot,,
ADPT,Adaptive Biotechnologies Corpor,hot,,
AEHR,Aehr Test Systems,hot,,
AEO,"American Eagle Outfitters, Inc.",hot,,
BILL,"BILL Holdings, Inc.",hot,,
BMNR,"BitMine Immersion Technologies,",hot,,
CHRN,ChronoScale Holdings Corporatio,hot,,
CLSK,"CleanSpark, Inc.",hot,,
COMP,"Compass, Inc.",hot,,
CWK,Cushman & Wakefield Ltd.,hot,,
ERAS,"Erasca, Inc.",hot,,
FLYW,Flywire Corporation - Voting,hot,,
GPI,"Group 1 Automotive, Inc.",hot,,
HL,Hecla Mining Company,hot,,
HTFL,"Heartflow, Inc.",hot,,
IMOS,ChipMOS TECHNOLOGIES INC.,hot,,
IOVA,"Iovance Biotherapeutics, Inc.",hot,,
JBLU,JetBlue Airways Corporation,hot,,
JOBY,"Joby Aviation, Inc.",hot,,
KRMN,Karman Holdings Inc.,hot,,
LCID,"Lucid Group, Inc.",hot,,
MAAS,Maase Inc.,hot,,
MANE,"Veradermics, Incorporated",hot,,
MARA,"MARA Holdings, Inc.",hot,,
MBX,"MBX Biosciences, Inc.",hot,,
MD,"Pediatrix Medical Group, Inc.",hot,,
MESO,Mesoblast Limited,hot,,
MNSO,MINISO Group Holding Limited,hot,,
NOK,Nokia Corporation Sponsored,hot,,
NU,Nu Holdings Ltd.,hot,,
ONDS,Ondas Inc,hot,,
OPEN,Opendoor Technologies Inc,hot,,
PATH,"UiPath, Inc.",hot,,
PLUG,"Plug Power, Inc.",hot,,
RELY,"Remitly Global, Inc.",hot,,
RH,RH,hot,,
ROAD,"Construction Partners, Inc.",hot,,
SAH,"Sonic Automotive, Inc.",hot,,
SKHY,SK hynix Inc. - American Depos,hot,,
SKHYV,SK hynix Inc. - American Deposi,hot,,
SNAP,Snap Inc.,hot,,
SOFI,"SoFi Technologies, Inc.",hot,,
SPCX,Space Exploration Technologies,hot,,
YMM,Full Truck Alliance Co. Ltd.,hot,,
Z,"Zillow Group, Inc.",hot,,
ZG,"Zillow Group, Inc.",hot,,
